引きを,,,10,名詞,引用文字列,*,*,*,*,引きを,ヒキヲ,ヒキヲ,呪文
引導,,,10,名詞,引用文字列,*,*,*,*,引導,インドウ,インドウ,呪文
因を,,,10,名詞,引用文字列,*,*,*,*,因を,インヲ,インヲ,呪文
因果,,,10,名詞,引用文字列,*,*,*,*,因果,インガ,インガ,呪文
威厳を,,,10,名詞,引用文字列,*,*,*,*,威厳を,イゲンヲ,イゲンヲ,呪文
威風,,,10,名詞,引用文字列,*,*,*,*,威風,イフウ,イフウ,呪文
圧殺,,,10,名詞,引用文字列,*,*,*,*,圧殺,アッサツ,アッサツ,呪文
圧倒,,,10,名詞,引用文字列,*,*,*,*,圧倒,アットウ,アットウ,呪文
驟雨と,,,10,名詞,引用文字列,*,*,*,*,驟雨と,シュウウト,シュウウト,呪文
鉤爪で,,,10,名詞,引用文字列,*,*,*,*,鉤爪で,鉤爪デ,鉤爪デ,呪文
貪欲,,,10,名詞,引用文字列,*,*,*,*,貪欲,ドンヨク,ドンヨク,呪文
蟲の,,,10,名詞,引用文字列,*,*,*,*,蟲の,蟲ノ,蟲ノ,呪文
穢れを,,,10,名詞,引用文字列,*,*,*,*,穢れを,ケガレヲ,ケガレヲ,呪文
禊にて,,,10,名詞,引用文字列,*,*,*,*,禊にて,ミソギニテ,ミソギニテ,呪文
天と,,,10,名詞,引用文字列,*,*,*,*,天と,テント,テント,呪文
天より,,,10,名詞,引用文字列,*,*,*,*,天より,テンヨリ,テンヨリ,呪文
天を,,,10,名詞,引用文字列,*,*,*,*,天を,テンヲ,テンヲ,呪文
天下の,,,10,名詞,引用文字列,*,*,*,*,天下の,テンカノ,テンカノ,呪文
天界の,,,10,名詞,引用文字列,*,*,*,*,天界の,テンカイノ,テンカイノ,呪文
天球の,,,10,名詞,引用文字列,*,*,*,*,天球の,テンキュウノ,テンキュウノ,呪文
天空に,,,10,名詞,引用文字列,*,*,*,*,天空に,テンクウニ,テンクウニ,呪文
天空の,,,10,名詞,引用文字列,*,*,*,*,天空の,テンクウノ,テンクウノ,呪文
天空より,,,10,名詞,引用文字列,*,*,*,*,天空より,テンクウヨリ,テンクウヨリ,呪文
天空を,,,10,名詞,引用文字列,*,*,*,*,天空を,テンクウヲ,テンクウヲ,呪文
天使の,,,10,名詞,引用文字列,*,*,*,*,天使の,テンシノ,テンシノ,呪文
天水の,,,10,名詞,引用文字列,*,*,*,*,天水の,テンスイノ,テンスイノ,呪文
天水を,,,10,名詞,引用文字列,*,*,*,*,天水を,テンスイヲ,テンスイヲ,呪文
天地,,,10,名詞,引用文字列,*,*,*,*,天地,テンチ,テンチ,呪文
天魔,,,10,名詞,引用文字列,*,*,*,*,天魔,テンマ,テンマ,呪文
天命と,,,10,名詞,引用文字列,*,*,*,*,天命と,テンメイト,テンメイト,呪文
天理の,,,10,名詞,引用文字列,*,*,*,*,天理の,テンリノ,テンリノ,呪文
祓いを,,,10,名詞,引用文字列,*,*,*,*,祓いを,ハライヲ,ハライヲ,呪文
眷属,,,10,名詞,引用文字列,*,*,*,*,眷属,ケンゾク,ケンゾク,呪文
烙印を,,,10,名詞,引用文字列,*,*,*,*,烙印を,ラクインヲ,ラクインヲ,呪文
濤よ,,,10,名詞,引用文字列,*,*,*,*,濤よ,濤ヨ,濤ヨ,呪文
殲滅の,,,10,名詞,引用文字列,*,*,*,*,殲滅の,センメツノ,センメツノ,呪文
楔を,,,10,名詞,引用文字列,*,*,*,*,楔を,クサビヲ,クサビヲ,呪文
枷で,,,10,名詞,引用文字列,*,*,*,*,枷で,カセデ,カセデ,呪文
巫女よ,,,10,名詞,引用文字列,*,*,*,*,巫女よ,ミコヨ,ミコヨ,呪文
咬撃,,,10,名詞,引用文字列,*,*,*,*,咬撃,咬撃,咬撃,呪文
六道,,,10,名詞,引用文字列,*,*,*,*,六道,ロクドウ,ロクドウ,呪文
狼の,,,10,名詞,引用文字列,*,*,*,*,狼の,オオカミノ,オオカミノ,呪文
練達より,,,10,名詞,引用文字列,*,*,*,*,練達より,レンタツヨリ,レンタツヨリ,呪文
烈風を,,,10,名詞,引用文字列,*,*,*,*,烈風を,レップウヲ,レップウヲ,呪文
礼賛,,,10,名詞,引用文字列,*,*,*,*,礼賛,ライサン,ライサン,呪文
冷気に,,,10,名詞,引用文字列,*,*,*,*,冷気に,レイキニ,レイキニ,呪文
輪廻に,,,10,名詞,引用文字列,*,*,*,*,輪廻に,リンネニ,リンネニ,呪文
臨界,,,10,名詞,引用文字列,*,*,*,*,臨界,リンカイ,リンカイ,呪文
燐光,,,10,名詞,引用文字列,*,*,*,*,燐光,リンコウ,リンコウ,呪文
緑色の,,,10,名詞,引用文字列,*,*,*,*,緑色の,リョクショクノ,リョクショクノ,呪文
糧と,,,10,名詞,引用文字列,*,*,*,*,糧と,カテト,カテト,呪文
凌駕,,,10,名詞,引用文字列,*,*,*,*,凌駕,リョウガ,リョウガ,呪文
魔に,,,10,名詞,引用文字列,*,*,*,*,魔に,マニ,マニ,呪文
魔の,,,10,名詞,引用文字列,*,*,*,*,魔の,マノ,マノ,呪文
魔を,,,10,名詞,引用文字列,*,*,*,*,魔を,マヲ,マヲ,呪文
魔界の,,,10,名詞,引用文字列,*,*,*,*,魔界の,マカイノ,マカイノ,呪文
魔手よ,,,10,名詞,引用文字列,*,*,*,*,魔手よ,マシュヨ,マシュヨ,呪文
魔神よ,,,10,名詞,引用文字列,*,*,*,*,魔神よ,マジンヨ,マジンヨ,呪文
魔性に,,,10,名詞,引用文字列,*,*,*,*,魔性に,マショウニ,マショウニ,呪文
魔法,,,10,名詞,引用文字列,*,*,*,*,魔法,マホウ,マホウ,呪文
魔力の,,,10,名詞,引用文字列,*,*,*,*,魔力の,マリョクノ,マリョクノ,呪文
魔力を,,,10,名詞,引用文字列,*,*,*,*,魔力を,マリョクヲ,マリョクヲ,呪文
不穏の,,,10,名詞,引用文字列,*,*,*,*,不穏の,フオンノ,フオンノ,呪文
不可視の,,,10,名詞,引用文字列,*,*,*,*,不可視の,フカシノ,フカシノ,呪文
不幸を,,,10,名詞,引用文字列,*,*,*,*,不幸を,フコウヲ,フコウヲ,呪文
不条理の,,,10,名詞,引用文字列,*,*,*,*,不条理の,フジョウリノ,フジョウリノ,呪文
不浄の,,,10,名詞,引用文字列,*,*,*,*,不浄の,フジョウノ,フジョウノ,呪文
不浄を,,,10,名詞,引用文字列,*,*,*,*,不浄を,フジョウヲ,フジョウヲ,呪文
不動,,,10,名詞,引用文字列,*,*,*,*,不動,フドウ,フドウ,呪文
不変,,,10,名詞,引用文字列,*,*,*,*,不変,フヘン,フヘン,呪文
不明,,,10,名詞,引用文字列,*,*,*,*,不明,フメイ,フメイ,呪文
不滅の,,,10,名詞,引用文字列,*,*,*,*,不滅の,フメツノ,フメツノ,呪文
時に,,,10,名詞,引用文字列,*,*,*,*,時に,トキニ,トキニ,呪文
時は,,,10,名詞,引用文字列,*,*,*,*,時は,トキハ,トキハ,呪文
時も,,,10,名詞,引用文字列,*,*,*,*,時も,トキモ,トキモ,呪文
時よ,,,10,名詞,引用文字列,*,*,*,*,時よ,トキヨ,トキヨ,呪文
時を,,,10,名詞,引用文字列,*,*,*,*,時を,トキヲ,トキヲ,呪文
時間の,,,10,名詞,引用文字列,*,*,*,*,時間の,ジカンノ,ジカンノ,呪文
時空の,,,10,名詞,引用文字列,*,*,*,*,時空の,ジクウノ,ジクウノ,呪文
時空を,,,10,名詞,引用文字列,*,*,*,*,時空を,ジクウヲ,ジクウヲ,呪文
時流の,,,10,名詞,引用文字列,*,*,*,*,時流の,ジリュウノ,ジリュウノ,呪文
意に従い,,,10,名詞,引用文字列,*,*,*,*,意に従い,イニシタガイ,イニシタガイ,呪文
意の,,,10,名詞,引用文字列,*,*,*,*,意の,イノ,イノ,呪文
意志と,,,10,名詞,引用文字列,*,*,*,*,意志と,イシト,イシト,呪文
意志に従い,,,10,名詞,引用文字列,*,*,*,*,意志に従い,イシニシタガイ,イシニシタガイ,呪文
意思は,,,10,名詞,引用文字列,*,*,*,*,意思は,イシハ,イシハ,呪文
意思よ,,,10,名詞,引用文字列,*,*,*,*,意思よ,イシヨ,イシヨ,呪文
意思を,,,10,名詞,引用文字列,*,*,*,*,意思を,イシヲ,イシヲ,呪文
意識の,,,10,名詞,引用文字列,*,*,*,*,意識の,イシキノ,イシキノ,呪文
意味を,,,10,名詞,引用文字列,*,*,*,*,意味を,イミヲ,イミヲ,呪文
氷の,,,10,名詞,引用文字列,*,*,*,*,氷の,コオリノ,コオリノ,呪文
氷河の,,,10,名詞,引用文字列,*,*,*,*,氷河の,ヒョウガノ,ヒョウガノ,呪文
氷塊よ,,,10,名詞,引用文字列,*,*,*,*,氷塊よ,ヒョウカイヨ,ヒョウカイヨ,呪文
氷海に,,,10,名詞,引用文字列,*,*,*,*,氷海に,ヒョウカイニ,ヒョウカイニ,呪文
氷結の,,,10,名詞,引用文字列,*,*,*,*,氷結の,ヒョウケツノ,ヒョウケツノ,呪文
氷結は,,,10,名詞,引用文字列,*,*,*,*,氷結は,ヒョウケツハ,ヒョウケツハ,呪文
氷雪の,,,10,名詞,引用文字列,*,*,*,*,氷雪の,ヒョウセツノ,ヒョウセツノ,呪文
氷霧と,,,10,名詞,引用文字列,*,*,*,*,氷霧と,ヒョウムト,ヒョウムト,呪文
地も,,,10,名詞,引用文字列,*,*,*,*,地も,チモ,チモ,呪文
地獄で,,,10,名詞,引用文字列,*,*,*,*,地獄で,ジゴクデ,ジゴクデ,呪文
地獄の,,,10,名詞,引用文字列,*,*,*,*,地獄の,ジゴクノ,ジゴクノ,呪文
地獄へ,,,10,名詞,引用文字列,*,*,*,*,地獄へ,ジゴクヘ,ジゴクヘ,呪文
地上に,,,10,名詞,引用文字列,*,*,*,*,地上に,チジョウニ,チジョウニ,呪文
地上の,,,10,名詞,引用文字列,*,*,*,*,地上の,チジョウノ,チジョウノ,呪文
地上を,,,10,名詞,引用文字列,*,*,*,*,地上を,チジョウヲ,チジョウヲ,呪文
地神,,,10,名詞,引用文字列,*,*,*,*,地神,チジン,チジン,呪文
水に,,,10,名詞,引用文字列,*,*,*,*,水に,ミズニ,ミズニ,呪文
水よ,,,10,名詞,引用文字列,*,*,*,*,水よ,ミズヨ,ミズヨ,呪文
水晶に,,,10,名詞,引用文字列,*,*,*,*,水晶に,スイショウニ,スイショウニ,呪文
水神,,,10,名詞,引用文字列,*,*,*,*,水神,スイジン,スイジン,呪文
水滴よ,,,10,名詞,引用文字列,*,*,*,*,水滴よ,スイテキヨ,スイテキヨ,呪文
水面に,,,10,名詞,引用文字列,*,*,*,*,水面に,スイメンニ,スイメンニ,呪文
水面も,,,10,名詞,引用文字列,*,*,*,*,水面も,スイメンモ,スイメンモ,呪文
水流,,,10,名詞,引用文字列,*,*,*,*,水流,スイリュウ,スイリュウ,呪文
手から,,,10,名詞,引用文字列,*,*,*,*,手から,テカラ,テカラ,呪文
手において,,,10,名詞,引用文字列,*,*,*,*,手において,テニオイテ,テニオイテ,呪文
手により,,,10,名詞,引用文字列,*,*,*,*,手により,テニヨリ,テニヨリ,呪文
手の,,,10,名詞,引用文字列,*,*,*,*,手の,テノ,テノ,呪文
手より,,,10,名詞,引用文字列,*,*,*,*,手より,テヨリ,テヨリ,呪文
手向けの,,,10,名詞,引用文字列,*,*,*,*,手向けの,タムケノ,タムケノ,呪文
手足しか,,,10,名詞,引用文字列,*,*,*,*,手足しか,テアシシカ,テアシシカ,呪文
手足を,,,10,名詞,引用文字列,*,*,*,*,手足を,テアシヲ,テアシヲ,呪文
竜が,,,10,名詞,引用文字列,*,*,*,*,竜が,リュウガ,リュウガ,呪文
竜と,,,10,名詞,引用文字列,*,*,*,*,竜と,リュウト,リュウト,呪文
竜に,,,10,名詞,引用文字列,*,*,*,*,竜に,リュウニ,リュウニ,呪文
竜の,,,10,名詞,引用文字列,*,*,*,*,竜の,リュウノ,リュウノ,呪文
竜より,,,10,名詞,引用文字列,*,*,*,*,竜より,リュウヨリ,リュウヨリ,呪文
竜王よ,,,10,名詞,引用文字列,*,*,*,*,竜王よ,リュウオウヨ,リュウオウヨ,呪文
竜王を,,,10,名詞,引用文字列,*,*,*,*,竜王を,リュウオウヲ,リュウオウヲ,呪文
全てが,,,10,名詞,引用文字列,*,*,*,*,全てが,スベテガ,スベテガ,呪文
全ての,,,10,名詞,引用文字列,*,*,*,*,全ての,スベテノ,スベテノ,呪文
全ては,,,10,名詞,引用文字列,*,*,*,*,全ては,スベテハ,スベテハ,呪文
全てを,,,10,名詞,引用文字列,*,*,*,*,全てを,スベテヲ,スベテヲ,呪文
全治の,,,10,名詞,引用文字列,*,*,*,*,全治の,ゼンチノ,ゼンチノ,呪文
全身が,,,10,名詞,引用文字列,*,*,*,*,全身が,ゼンシンガ,ゼンシンガ,呪文
全身全霊を,,,10,名詞,引用文字列,*,*,*,*,全身全霊を,ゼンシンゼンレイヲ,ゼンシンゼンレイヲ,呪文
生々流転,,,10,名詞,引用文字列,*,*,*,*,生々流転,セイセイルテン,セイセイルテン,呪文
生に,,,10,名詞,引用文字列,*,*,*,*,生に,ナマニ,ナマニ,呪文
生者に,,,10,名詞,引用文字列,*,*,*,*,生者に,ショウジャニ,ショウジャニ,呪文
生者を,,,10,名詞,引用文字列,*,*,*,*,生者を,ショウジャヲ,ショウジャヲ,呪文
生命が,,,10,名詞,引用文字列,*,*,*,*,生命が,セイメイガ,セイメイガ,呪文
生命の,,,10,名詞,引用文字列,*,*,*,*,生命の,セイメイノ,セイメイノ,呪文
生命を,,,10,名詞,引用文字列,*,*,*,*,生命を,セイメイヲ,セイメイヲ,呪文
死の,,,10,名詞,引用文字列,*,*,*,*,死の,シノ,シノ,呪文
死を,,,10,名詞,引用文字列,*,*,*,*,死を,シヲ,シヲ,呪文
死者と,,,10,名詞,引用文字列,*,*,*,*,死者と,シシャト,シシャト,呪文
死者に,,,10,名詞,引用文字列,*,*,*,*,死者に,シシャニ,シシャニ,呪文
死神,,,10,名詞,引用文字列,*,*,*,*,死神,シニガミ,シニガミ,呪文
死装束の,,,10,名詞,引用文字列,*,*,*,*,死装束の,シニショウゾクノ,シニショウゾクノ,呪文
死地より,,,10,名詞,引用文字列,*,*,*,*,死地より,シチヨリ,シチヨリ,呪文
光により,,,10,名詞,引用文字列,*,*,*,*,光により,ヒカリニヨリ,ヒカリニヨリ,呪文
光は,,,10,名詞,引用文字列,*,*,*,*,光は,ヒカリハ,ヒカリハ,呪文
光も,,,10,名詞,引用文字列,*,*,*,*,光も,ヒカリモ,ヒカリモ,呪文
光より,,,10,名詞,引用文字列,*,*,*,*,光より,ヒカリヨリ,ヒカリヨリ,呪文
光彩を,,,10,名詞,引用文字列,*,*,*,*,光彩を,コウサイヲ,コウサイヲ,呪文
光満,,,10,名詞,引用文字列,*,*,*,*,光満,ミツマ,ミツマ,呪文
光輪,,,10,名詞,引用文字列,*,*,*,*,光輪,コウリン,コウリン,呪文
言の葉を,,,10,名詞,引用文字列,*,*,*,*,言の葉を,コトノハヲ,コトノハヲ,呪文
言葉により,,,10,名詞,引用文字列,*,*,*,*,言葉により,コトバニヨリ,コトバニヨリ,呪文
言葉の,,,10,名詞,引用文字列,*,*,*,*,言葉の,コトバノ,コトバノ,呪文
言葉も,,,10,名詞,引用文字列,*,*,*,*,言葉も,コトバモ,コトバモ,呪文
言葉よ,,,10,名詞,引用文字列,*,*,*,*,言葉よ,コトバヨ,コトバヨ,呪文
言葉を,,,10,名詞,引用文字列,*,*,*,*,言葉を,コトバヲ,コトバヲ,呪文
言霊を,,,10,名詞,引用文字列,*,*,*,*,言霊を,コトダマヲ,コトダマヲ,呪文
虚ろの,,,10,名詞,引用文字列,*,*,*,*,虚ろの,ウツロノ,ウツロノ,呪文
虚栄の,,,10,名詞,引用文字列,*,*,*,*,虚栄の,キョエイノ,キョエイノ,呪文
虚空の,,,10,名詞,引用文字列,*,*,*,*,虚空の,コクウノ,コクウノ,呪文
虚空より,,,10,名詞,引用文字列,*,*,*,*,虚空より,コクウヨリ,コクウヨリ,呪文
虚空を,,,10,名詞,引用文字列,*,*,*,*,虚空を,コクウヲ,コクウヲ,呪文
虚空蔵の,,,10,名詞,引用文字列,*,*,*,*,虚空蔵の,コクゾウノ,コクゾウノ,呪文
虚無の,,,10,名詞,引用文字列,*,*,*,*,虚無の,キョムノ,キョムノ,呪文
流れに,,,10,名詞,引用文字列,*,*,*,*,流れに,ナガレニ,ナガレニ,呪文
流れの,,,10,名詞,引用文字列,*,*,*,*,流れの,ナガレノ,ナガレノ,呪文
流れより,,,10,名詞,引用文字列,*,*,*,*,流れより,ナガレヨリ,ナガレヨリ,呪文
流れを,,,10,名詞,引用文字列,*,*,*,*,流れを,ナガレヲ,ナガレヲ,呪文
流星よ,,,10,名詞,引用文字列,*,*,*,*,流星よ,リュウセイヨ,リュウセイヨ,呪文
流転の,,,10,名詞,引用文字列,*,*,*,*,流転の,ルテンノ,ルテンノ,呪文
波の,,,10,名詞,引用文字列,*,*,*,*,波の,ナミノ,ナミノ,呪文
波動と,,,10,名詞,引用文字列,*,*,*,*,波動と,ハドウト,ハドウト,呪文
波動に,,,10,名詞,引用文字列,*,*,*,*,波動に,ハドウニ,ハドウニ,呪文
波動の,,,10,名詞,引用文字列,*,*,*,*,波動の,ハドウノ,ハドウノ,呪文
波動よ,,,10,名詞,引用文字列,*,*,*,*,波動よ,ハドウヨ,ハドウヨ,呪文
波動を,,,10,名詞,引用文字列,*,*,*,*,波動を,ハドウヲ,ハドウヲ,呪文
肉より,,,10,名詞,引用文字列,*,*,*,*,肉より,ニクヨリ,ニクヨリ,呪文
肉体と,,,10,名詞,引用文字列,*,*,*,*,肉体と,ニクタイト,ニクタイト,呪文
肉体に,,,10,名詞,引用文字列,*,*,*,*,肉体に,ニクタイニ,ニクタイニ,呪文
肉体の,,,10,名詞,引用文字列,*,*,*,*,肉体の,ニクタイノ,ニクタイノ,呪文
肉体よ,,,10,名詞,引用文字列,*,*,*,*,肉体よ,ニクタイヨ,ニクタイヨ,呪文
肉体を,,,10,名詞,引用文字列,*,*,*,*,肉体を,ニクタイヲ,ニクタイヲ,呪文
静か,,,10,名詞,引用文字列,*,*,*,*,静か,シズカ,シズカ,呪文
静間を,,,10,名詞,引用文字列,*,*,*,*,静間を,シズマヲ,シズマヲ,呪文
静寂に,,,10,名詞,引用文字列,*,*,*,*,静寂に,セイジャクニ,セイジャクニ,呪文
静寂の,,,10,名詞,引用文字列,*,*,*,*,静寂の,セイジャクノ,セイジャクノ,呪文
静寂を,,,10,名詞,引用文字列,*,*,*,*,静寂を,セイジャクヲ,セイジャクヲ,呪文
静粛の,,,10,名詞,引用文字列,*,*,*,*,静粛の,セイシュクノ,セイシュクノ,呪文
清らか,,,10,名詞,引用文字列,*,*,*,*,清らか,キヨラカ,キヨラカ,呪文
清純,,,10,名詞,引用文字列,*,*,*,*,清純,セイジュン,セイジュン,呪文
清浄を,,,10,名詞,引用文字列,*,*,*,*,清浄を,セイジョウヲ,セイジョウヲ,呪文
清盛,,,10,名詞,引用文字列,*,*,*,*,清盛,キヨモリ,キヨモリ,呪文
清泉の,,,10,名詞,引用文字列,*,*,*,*,清泉の,キヨイズミノ,キヨイズミノ,呪文
清冽,,,10,名詞,引用文字列,*,*,*,*,清冽,セイレツ,セイレツ,呪文
真の,,,10,名詞,引用文字列,*,*,*,*,真の,シンノ,シンノ,呪文
真実の,,,10,名詞,引用文字列,*,*,*,*,真実の,シンジツノ,シンジツノ,呪文
真実は,,,10,名詞,引用文字列,*,*,*,*,真実は,シンジツハ,シンジツハ,呪文
真実を,,,10,名詞,引用文字列,*,*,*,*,真実を,シンジツヲ,シンジツヲ,呪文
真相,,,10,名詞,引用文字列,*,*,*,*,真相,シンソウ,シンソウ,呪文
真理,,,10,名詞,引用文字列,*,*,*,*,真理,シンリ,シンリ,呪文
心に,,,10,名詞,引用文字列,*,*,*,*,心に,ココロニ,ココロニ,呪文
心ば,,,10,名詞,引用文字列,*,*,*,*,心ば,ココロバ,ココロバ,呪文
心も,,,10,名詞,引用文字列,*,*,*,*,心も,ココロモ,ココロモ,呪文
心を,,,10,名詞,引用文字列,*,*,*,*,心を,ココロヲ,ココロヲ,呪文
心眼を,,,10,名詞,引用文字列,*,*,*,*,心眼を,シンガンヲ,シンガンヲ,呪文
心頭,,,10,名詞,引用文字列,*,*,*,*,心頭,シントウ,シントウ,呪文
血に,,,10,名詞,引用文字列,*,*,*,*,血に,チニ,チニ,呪文
血の,,,10,名詞,引用文字列,*,*,*,*,血の,チノ,チノ,呪文
血よ,,,10,名詞,引用文字列,*,*,*,*,血よ,チヨ,チヨ,呪文
血を,,,10,名詞,引用文字列,*,*,*,*,血を,チヲ,チヲ,呪文
血潮の,,,10,名詞,引用文字列,*,*,*,*,血潮の,チシオノ,チシオノ,呪文
血肉とともに,,,10,名詞,引用文字列,*,*,*,*,血肉とともに,ケツニクトトモニ,ケツニクトトモニ,呪文
影から,,,10,名詞,引用文字列,*,*,*,*,影から,カゲカラ,カゲカラ,呪文
影に,,,10,名詞,引用文字列,*,*,*,*,影に,カゲニ,カゲニ,呪文
影の,,,10,名詞,引用文字列,*,*,*,*,影の,カゲノ,カゲノ,呪文
影は,,,10,名詞,引用文字列,*,*,*,*,影は,カゲハ,カゲハ,呪文
影よ,,,10,名詞,引用文字列,*,*,*,*,影よ,カゲヨ,カゲヨ,呪文
影を,,,10,名詞,引用文字列,*,*,*,*,影を,カゲヲ,カゲヲ,呪文
暗闇の,,,10,名詞,引用文字列,*,*,*,*,暗闇の,クラヤミノ,クラヤミノ,呪文
暗雲に,,,10,名詞,引用文字列,*,*,*,*,暗雲に,アンウンニ,アンウンニ,呪文
暗渠より,,,10,名詞,引用文字列,*,*,*,*,暗渠より,アンキョヨリ,アンキョヨリ,呪文
暗愚,,,10,名詞,引用文字列,*,*,*,*,暗愚,アング,アング,呪文
暗黒に,,,10,名詞,引用文字列,*,*,*,*,暗黒に,アンコクニ,アンコクニ,呪文
暗黒の,,,10,名詞,引用文字列,*,*,*,*,暗黒の,アンコクノ,アンコクノ,呪文
安らか,,,10,名詞,引用文字列,*,*,*,*,安らか,ヤスラカ,ヤスラカ,呪文
安らぎを,,,10,名詞,引用文字列,*,*,*,*,安らぎを,ヤスラギヲ,ヤスラギヲ,呪文
安息に,,,10,名詞,引用文字列,*,*,*,*,安息に,アンソクニ,アンソクニ,呪文
安息へ,,,10,名詞,引用文字列,*,*,*,*,安息へ,アンソクヘ,アンソクヘ,呪文
安息を,,,10,名詞,引用文字列,*,*,*,*,安息を,アンソクヲ,アンソクヲ,呪文
安寧を,,,10,名詞,引用文字列,*,*,*,*,安寧を,アンネイヲ,アンネイヲ,呪文
力と,,,10,名詞,引用文字列,*,*,*,*,力と,チカラト,チカラト,呪文
力にて,,,10,名詞,引用文字列,*,*,*,*,力にて,チカラニテ,チカラニテ,呪文
力へ,,,10,名詞,引用文字列,*,*,*,*,力へ,チカラヘ,チカラヘ,呪文
力よ,,,10,名詞,引用文字列,*,*,*,*,力よ,チカラヨ,チカラヨ,呪文
力持て,,,10,名詞,引用文字列,*,*,*,*,力持て,チカラモチテ,チカラモチテ,呪文
破れ,,,10,名詞,引用文字列,*,*,*,*,破れ,ヤブレ,ヤブレ,呪文
破壊の,,,10,名詞,引用文字列,*,*,*,*,破壊の,ハカイノ,ハカイノ,呪文
破邪の,,,10,名詞,引用文字列,*,*,*,*,破邪の,ハジャノ,ハジャノ,呪文
破断,,,10,名詞,引用文字列,*,*,*,*,破断,ハダン,ハダン,呪文
破滅を,,,10,名詞,引用文字列,*,*,*,*,破滅を,ハメツヲ,ハメツヲ,呪文
汝が,,,10,名詞,引用文字列,*,*,*,*,汝が,ナンジガ,ナンジガ,呪文
汝に,,,10,名詞,引用文字列,*,*,*,*,汝に,ナンジニ,ナンジニ,呪文
汝の,,,10,名詞,引用文字列,*,*,*,*,汝の,ナンジノ,ナンジノ,呪文
汝は,,,10,名詞,引用文字列,*,*,*,*,汝は,ナンジハ,ナンジハ,呪文
汝を,,,10,名詞,引用文字列,*,*,*,*,汝を,ナンジヲ,ナンジヲ,呪文
道て,,,10,名詞,引用文字列,*,*,*,*,道て,ミチテ,ミチテ,呪文
道も,,,10,名詞,引用文字列,*,*,*,*,道も,ミチモ,ミチモ,呪文
道を,,,10,名詞,引用文字列,*,*,*,*,道を,ミチヲ,ミチヲ,呪文
道標と,,,10,名詞,引用文字列,*,*,*,*,道標と,ドウヒョウト,ドウヒョウト,呪文
道標よ,,,10,名詞,引用文字列,*,*,*,*,道標よ,ドウヒョウヨ,ドウヒョウヨ,呪文
怒りから,,,10,名詞,引用文字列,*,*,*,*,怒りから,イカリカラ,イカリカラ,呪文
怒りが,,,10,名詞,引用文字列,*,*,*,*,怒りが,イカリガ,イカリガ,呪文
怒りで,,,10,名詞,引用文字列,*,*,*,*,怒りで,イカリデ,イカリデ,呪文
怒りの,,,10,名詞,引用文字列,*,*,*,*,怒りの,イカリノ,イカリノ,呪文
怒りを,,,10,名詞,引用文字列,*,*,*,*,怒りを,イカリヲ,イカリヲ,呪文
星と,,,10,名詞,引用文字列,*,*,*,*,星と,ホシト,ホシト,呪文
星の,,,10,名詞,引用文字列,*,*,*,*,星の,ホシノ,ホシノ,呪文
星より,,,10,名詞,引用文字列,*,*,*,*,星より,ホシヨリ,ホシヨリ,呪文
星を,,,10,名詞,引用文字列,*,*,*,*,星を,ホシヲ,ホシヲ,呪文
星空の,,,10,名詞,引用文字列,*,*,*,*,星空の,ホシゾラノ,ホシゾラノ,呪文
刃で,,,10,名詞,引用文字列,*,*,*,*,刃で,ハデ,ハデ,呪文
刃に,,,10,名詞,引用文字列,*,*,*,*,刃に,ハニ,ハニ,呪文
刃の,,,10,名詞,引用文字列,*,*,*,*,刃の,ハノ,ハノ,呪文
刃よ,,,10,名詞,引用文字列,*,*,*,*,刃よ,ハヨ,ハヨ,呪文
刃を,,,10,名詞,引用文字列,*,*,*,*,刃を,ハヲ,ハヲ,呪文
神と,,,10,名詞,引用文字列,*,*,*,*,神と,カミト,カミト,呪文
神に,,,10,名詞,引用文字列,*,*,*,*,神に,カミニ,カミニ,呪文
神より,,,10,名詞,引用文字列,*,*,*,*,神より,カミヨリ,カミヨリ,呪文
神聖,,,10,名詞,引用文字列,*,*,*,*,神聖,シンセイ,シンセイ,呪文
神速を,,,10,名詞,引用文字列,*,*,*,*,神速を,シンソクヲ,シンソクヲ,呪文
深紅の,,,10,名詞,引用文字列,*,*,*,*,深紅の,シンクノ,シンクノ,呪文
深淵と,,,10,名詞,引用文字列,*,*,*,*,深淵と,シンエント,シンエント,呪文
深淵の,,,10,名詞,引用文字列,*,*,*,*,深淵の,シンエンノ,シンエンノ,呪文
深淵へ,,,10,名詞,引用文字列,*,*,*,*,深淵へ,シンエンヘ,シンエンヘ,呪文
深淵よ,,,10,名詞,引用文字列,*,*,*,*,深淵よ,シンエンヨ,シンエンヨ,呪文
呪い,,,10,名詞,引用文字列,*,*,*,*,呪い,ノロイ,ノロイ,呪文
呪縛と,,,10,名詞,引用文字列,*,*,*,*,呪縛と,ジュバクト,ジュバクト,呪文
呪縛は,,,10,名詞,引用文字列,*,*,*,*,呪縛は,ジュバクハ,ジュバクハ,呪文
呪縛より,,,10,名詞,引用文字列,*,*,*,*,呪縛より,ジュバクヨリ,ジュバクヨリ,呪文
呪文を,,,10,名詞,引用文字列,*,*,*,*,呪文を,ジュモンヲ,ジュモンヲ,呪文
慈愛,,,10,名詞,引用文字列,*,*,*,*,慈愛,ジアイ,ジアイ,呪文
慈悲にて,,,10,名詞,引用文字列,*,*,*,*,慈悲にて,ジヒニテ,ジヒニテ,呪文
慈悲の,,,10,名詞,引用文字列,*,*,*,*,慈悲の,ジヒノ,ジヒノ,呪文
慈悲ば,,,10,名詞,引用文字列,*,*,*,*,慈悲ば,ジヒバ,ジヒバ,呪文
慈悲を,,,10,名詞,引用文字列,*,*,*,*,慈悲を,ジヒヲ,ジヒヲ,呪文
魂すら,,,10,名詞,引用文字列,*,*,*,*,魂すら,タマシイスラ,タマシイスラ,呪文
魂に,,,10,名詞,引用文字列,*,*,*,*,魂に,タマシイニ,タマシイニ,呪文
魂の,,,10,名詞,引用文字列,*,*,*,*,魂の,タマシイノ,タマシイノ,呪文
魂よ,,,10,名詞,引用文字列,*,*,*,*,魂よ,タマシイヨ,タマシイヨ,呪文
魂魄,,,10,名詞,引用文字列,*,*,*,*,魂魄,コンパク,コンパク,呪文
御許に,,,10,名詞,引用文字列,*,*,*,*,御許に,オモトニ,オモトニ,呪文
御身の,,,10,名詞,引用文字列,*,*,*,*,御身の,オンミノ,オンミノ,呪文
御前に,,,10,名詞,引用文字列,*,*,*,*,御前に,ゴゼンニ,ゴゼンニ,呪文
御方を,,,10,名詞,引用文字列,*,*,*,*,御方を,オカタヲ,オカタヲ,呪文
御名において,,,10,名詞,引用文字列,*,*,*,*,御名において,ギョメイニオイテ,ギョメイニオイテ,呪文
業を,,,10,名詞,引用文字列,*,*,*,*,業を,ゴウヲ,ゴウヲ,呪文
業火に,,,10,名詞,引用文字列,*,*,*,*,業火に,ゴウカニ,ゴウカニ,呪文
業火の,,,10,名詞,引用文字列,*,*,*,*,業火の,ゴウカノ,ゴウカノ,呪文
業火は,,,10,名詞,引用文字列,*,*,*,*,業火は,ゴウカハ,ゴウカハ,呪文
業火よ,,,10,名詞,引用文字列,*,*,*,*,業火よ,ゴウカヨ,ゴウカヨ,呪文
輝きと,,,10,名詞,引用文字列,*,*,*,*,輝きと,カガヤキト,カガヤキト,呪文
輝きに,,,10,名詞,引用文字列,*,*,*,*,輝きに,カガヤキニ,カガヤキニ,呪文
輝きよ,,,10,名詞,引用文字列,*,*,*,*,輝きよ,カガヤキヨ,カガヤキヨ,呪文
輝きを,,,10,名詞,引用文字列,*,*,*,*,輝きを,カガヤキヲ,カガヤキヲ,呪文
輝石を,,,10,名詞,引用文字列,*,*,*,*,輝石を,キセキヲ,キセキヲ,呪文
黄金,,,10,名詞,引用文字列,*,*,*,*,黄金,オウゴン,オウゴン,呪文
黄昏より,,,10,名詞,引用文字列,*,*,*,*,黄昏より,タソガレヨリ,タソガレヨリ,呪文
黄泉の,,,10,名詞,引用文字列,*,*,*,*,黄泉の,ヨミノ,ヨミノ,呪文
黄泉へ,,,10,名詞,引用文字列,*,*,*,*,黄泉へ,ヨミヘ,ヨミヘ,呪文
黄泉より,,,10,名詞,引用文字列,*,*,*,*,黄泉より,ヨミヨリ,ヨミヨリ,呪文
炎で,,,10,名詞,引用文字列,*,*,*,*,炎で,ホノオデ,ホノオデ,呪文
炎と,,,10,名詞,引用文字列,*,*,*,*,炎と,ホノオト,ホノオト,呪文
炎は,,,10,名詞,引用文字列,*,*,*,*,炎は,ホノオハ,ホノオハ,呪文
炎よ,,,10,名詞,引用文字列,*,*,*,*,炎よ,ホノオヨ,ホノオヨ,呪文
炎を,,,10,名詞,引用文字列,*,*,*,*,炎を,ホノオヲ,ホノオヲ,呪文
永遠の,,,10,名詞,引用文字列,*,*,*,*,永遠の,エイエンノ,エイエンノ,呪文
永久と,,,10,名詞,引用文字列,*,*,*,*,永久と,エイキュウト,エイキュウト,呪文
永久に,,,10,名詞,引用文字列,*,*,*,*,永久に,エイキュウニ,エイキュウニ,呪文
永久を,,,10,名詞,引用文字列,*,*,*,*,永久を,エイキュウヲ,エイキュウヲ,呪文
永劫の,,,10,名詞,引用文字列,*,*,*,*,永劫の,エイゴウノ,エイゴウノ,呪文
闇に,,,10,名詞,引用文字列,*,*,*,*,闇に,ヤミニ,ヤミニ,呪文
闇へ,,,10,名詞,引用文字列,*,*,*,*,闇へ,ヤミヘ,ヤミヘ,呪文
闇より,,,10,名詞,引用文字列,*,*,*,*,闇より,ヤミヨリ,ヤミヨリ,呪文
闇を,,,10,名詞,引用文字列,*,*,*,*,闇を,ヤミヲ,ヤミヲ,呪文
闇夜の,,,10,名詞,引用文字列,*,*,*,*,闇夜の,ヤミヨノ,ヤミヨノ,呪文
咆哮から,,,10,名詞,引用文字列,*,*,*,*,咆哮から,ホウコウカラ,ホウコウカラ,呪文
咆哮により,,,10,名詞,引用文字列,*,*,*,*,咆哮により,ホウコウニヨリ,ホウコウニヨリ,呪文
咆哮の,,,10,名詞,引用文字列,*,*,*,*,咆哮の,ホウコウノ,ホウコウノ,呪文
咆哮を,,,10,名詞,引用文字列,*,*,*,*,咆哮を,ホウコウヲ,ホウコウヲ,呪文
霊にて,,,10,名詞,引用文字列,*,*,*,*,霊にて,レイニテ,レイニテ,呪文
霊へ,,,10,名詞,引用文字列,*,*,*,*,霊へ,レイヘ,レイヘ,呪文
霊威を,,,10,名詞,引用文字列,*,*,*,*,霊威を,レイイヲ,レイイヲ,呪文
霊魂を,,,10,名詞,引用文字列,*,*,*,*,霊魂を,レイコンヲ,レイコンヲ,呪文
翼で,,,10,名詞,引用文字列,*,*,*,*,翼で,ツバサデ,ツバサデ,呪文
翼の,,,10,名詞,引用文字列,*,*,*,*,翼の,ツバサノ,ツバサノ,呪文
翼よ,,,10,名詞,引用文字列,*,*,*,*,翼よ,ツバサヨ,ツバサヨ,呪文
翼を,,,10,名詞,引用文字列,*,*,*,*,翼を,ツバサヲ,ツバサヲ,呪文
目で,,,10,名詞,引用文字列,*,*,*,*,目で,メデ,メデ,呪文
目の,,,10,名詞,引用文字列,*,*,*,*,目の,メノ,メノ,呪文
目を,,,10,名詞,引用文字列,*,*,*,*,目を,メヲ,メヲ,呪文
目覚めよ,,,10,名詞,引用文字列,*,*,*,*,目覚めよ,メザメヨ,メザメヨ,呪文
猛威よ,,,10,名詞,引用文字列,*,*,*,*,猛威よ,モウイヨ,モウイヨ,呪文
猛撃,,,10,名詞,引用文字列,*,*,*,*,猛撃,モウゲキ,モウゲキ,呪文
猛追,,,10,名詞,引用文字列,*,*,*,*,猛追,モウツイ,モウツイ,呪文
猛毒の,,,10,名詞,引用文字列,*,*,*,*,猛毒の,モウドクノ,モウドクノ,呪文
名の,,,10,名詞,引用文字列,*,*,*,*,名の,ナノ,ナノ,呪文
名は,,,10,名詞,引用文字列,*,*,*,*,名は,ナハ,ナハ,呪文
名も,,,10,名詞,引用文字列,*,*,*,*,名も,ナモ,ナモ,呪文
名を,,,10,名詞,引用文字列,*,*,*,*,名を,ナヲ,ナヲ,呪文
冥へ,,,10,名詞,引用文字列,*,*,*,*,冥へ,メイヘ,メイヘ,呪文
冥界,,,10,名詞,引用文字列,*,*,*,*,冥界,メイカイ,メイカイ,呪文
冥府の,,,10,名詞,引用文字列,*,*,*,*,冥府の,メイフノ,メイフノ,呪文
冥府より,,,10,名詞,引用文字列,*,*,*,*,冥府より,メイフヨリ,メイフヨリ,呪文
万象を,,,10,名詞,引用文字列,*,*,*,*,万象を,バンショウヲ,バンショウヲ,呪文
万物に,,,10,名詞,引用文字列,*,*,*,*,万物に,バンブツニ,バンブツニ,呪文
万物の,,,10,名詞,引用文字列,*,*,*,*,万物の,バンブツノ,バンブツノ,呪文
万物を,,,10,名詞,引用文字列,*,*,*,*,万物を,バンブツヲ,バンブツヲ,呪文
法の,,,10,名詞,引用文字列,*,*,*,*,法の,ホウノ,ホウノ,呪文
法を,,,10,名詞,引用文字列,*,*,*,*,法を,ホウヲ,ホウヲ,呪文
法衣を,,,10,名詞,引用文字列,*,*,*,*,法衣を,ホウエヲ,ホウエヲ,呪文
法輪を,,,10,名詞,引用文字列,*,*,*,*,法輪を,ホウリンヲ,ホウリンヲ,呪文
彼の,,,10,名詞,引用文字列,*,*,*,*,彼の,カレノ,カレノ,呪文
彼らを,,,10,名詞,引用文字列,*,*,*,*,彼らを,カレラヲ,カレラヲ,呪文
彼方に,,,10,名詞,引用文字列,*,*,*,*,彼方に,カナタニ,カナタニ,呪文
彼方より,,,10,名詞,引用文字列,*,*,*,*,彼方より,カナタヨリ,カナタヨリ,呪文
調べに,,,10,名詞,引用文字列,*,*,*,*,調べに,シラベニ,シラベニ,呪文
調べを,,,10,名詞,引用文字列,*,*,*,*,調べを,シラベヲ,シラベヲ,呪文
調停,,,10,名詞,引用文字列,*,*,*,*,調停,チョウテイ,チョウテイ,呪文
調伏,,,10,名詞,引用文字列,*,*,*,*,調伏,チョウブク,チョウブク,呪文
息吹と,,,10,名詞,引用文字列,*,*,*,*,息吹と,イブキト,イブキト,呪文
息吹の,,,10,名詞,引用文字列,*,*,*,*,息吹の,イブキノ,イブキノ,呪文
息吹よ,,,10,名詞,引用文字列,*,*,*,*,息吹よ,イブキヨ,イブキヨ,呪文
息吹を,,,10,名詞,引用文字列,*,*,*,*,息吹を,イブキヲ,イブキヲ,呪文
閃光とともに,,,10,名詞,引用文字列,*,*,*,*,閃光とともに,センコウトトモニ,センコウトトモニ,呪文
閃光の,,,10,名詞,引用文字列,*,*,*,*,閃光の,センコウノ,センコウノ,呪文
閃光よ,,,10,名詞,引用文字列,*,*,*,*,閃光よ,センコウヨ,センコウヨ,呪文
閃光を,,,10,名詞,引用文字列,*,*,*,*,閃光を,センコウヲ,センコウヲ,呪文
戦渦と,,,10,名詞,引用文字列,*,*,*,*,戦渦と,センカト,センカト,呪文
戦士,,,10,名詞,引用文字列,*,*,*,*,戦士,センシ,センシ,呪文
戦場を,,,10,名詞,引用文字列,*,*,*,*,戦場を,センジョウヲ,センジョウヲ,呪文
戦慄の,,,10,名詞,引用文字列,*,*,*,*,戦慄の,センリツノ,センリツノ,呪文
精魂,,,10,名詞,引用文字列,*,*,*,*,精魂,セイコン,セイコン,呪文
精神よ,,,10,名詞,引用文字列,*,*,*,*,精神よ,セイシンヨ,セイシンヨ,呪文
精霊の,,,10,名詞,引用文字列,*,*,*,*,精霊の,セイレイノ,セイレイノ,呪文
精霊よ,,,10,名詞,引用文字列,*,*,*,*,精霊よ,セイレイヨ,セイレイヨ,呪文
邪を,,,10,名詞,引用文字列,*,*,*,*,邪を,ヨコシマヲ,ヨコシマヲ,呪文
邪悪に,,,10,名詞,引用文字列,*,*,*,*,邪悪に,ジャアクニ,ジャアクニ,呪文
邪悪を,,,10,名詞,引用文字列,*,*,*,*,邪悪を,ジャアクヲ,ジャアクヲ,呪文
邪気を,,,10,名詞,引用文字列,*,*,*,*,邪気を,ジャキヲ,ジャキヲ,呪文
自在に,,,10,名詞,引用文字列,*,*,*,*,自在に,ジザイニ,ジザイニ,呪文
自身なり,,,10,名詞,引用文字列,*,*,*,*,自身なり,ジシンナリ,ジシンナリ,呪文
自制の,,,10,名詞,引用文字列,*,*,*,*,自制の,ジセイノ,ジセイノ,呪文
自由,,,10,名詞,引用文字列,*,*,*,*,自由,ジユウ,ジユウ,呪文
使いの,,,10,名詞,引用文字列,*,*,*,*,使いの,ツカイノ,ツカイノ,呪文
使いよ,,,10,名詞,引用文字列,*,*,*,*,使いよ,ツカイヨ,ツカイヨ,呪文
使いを,,,10,名詞,引用文字列,*,*,*,*,使いを,ツカイヲ,ツカイヲ,呪文
使命を,,,10,名詞,引用文字列,*,*,*,*,使命を,シメイヲ,シメイヲ,呪文
五つの,,,10,名詞,引用文字列,*,*,*,*,五つの,イツツノ,イツツノ,呪文
五感,,,10,名詞,引用文字列,*,*,*,*,五感,ゴカン,ゴカン,呪文
五月雨に,,,10,名詞,引用文字列,*,*,*,*,五月雨に,サミダレニ,サミダレニ,呪文
五行に,,,10,名詞,引用文字列,*,*,*,*,五行に,ゴギョウニ,ゴギョウニ,呪文
剣と,,,10,名詞,引用文字列,*,*,*,*,剣と,ケント,ケント,呪文
剣の,,,10,名詞,引用文字列,*,*,*,*,剣の,ケンノ,ケンノ,呪文
剣よ,,,10,名詞,引用文字列,*,*,*,*,剣よ,ケンヨ,ケンヨ,呪文
剣を,,,10,名詞,引用文字列,*,*,*,*,剣を,ケンヲ,ケンヲ,呪文
極意,,,10,名詞,引用文字列,*,*,*,*,極意,ゴクイ,ゴクイ,呪文
極限の,,,10,名詞,引用文字列,*,*,*,*,極限の,キョクゲンノ,キョクゲンノ,呪文
極光よ,,,10,名詞,引用文字列,*,*,*,*,極光よ,キョッコウヨ,キョッコウヨ,呪文
極微,,,10,名詞,引用文字列,*,*,*,*,極微,キョクビ,キョクビ,呪文
灰塵と,,,10,名詞,引用文字列,*,*,*,*,灰塵と,カイジント,カイジント,呪文
灰塵に,,,10,名詞,引用文字列,*,*,*,*,灰塵に,カイジンニ,カイジンニ,呪文
灰塵へ,,,10,名詞,引用文字列,*,*,*,*,灰塵へ,カイジンヘ,カイジンヘ,呪文
灰燼の,,,10,名詞,引用文字列,*,*,*,*,灰燼の,カイジンノ,カイジンノ,呪文
戒めから,,,10,名詞,引用文字列,*,*,*,*,戒めから,イマシメカラ,イマシメカラ,呪文
戒めに,,,10,名詞,引用文字列,*,*,*,*,戒めに,イマシメニ,イマシメニ,呪文
戒めを,,,10,名詞,引用文字列,*,*,*,*,戒めを,イマシメヲ,イマシメヲ,呪文
戒律の,,,10,名詞,引用文字列,*,*,*,*,戒律の,カイリツノ,カイリツノ,呪文
悪も,,,10,名詞,引用文字列,*,*,*,*,悪も,アクモ,アクモ,呪文
悪鬼の,,,10,名詞,引用文字列,*,*,*,*,悪鬼の,アッキノ,アッキノ,呪文
悪鬼を,,,10,名詞,引用文字列,*,*,*,*,悪鬼を,アッキヲ,アッキヲ,呪文
悪夢の,,,10,名詞,引用文字列,*,*,*,*,悪夢の,アクムノ,アクムノ,呪文
腕で,,,10,名詞,引用文字列,*,*,*,*,腕で,ウデデ,ウデデ,呪文
腕に,,,10,名詞,引用文字列,*,*,*,*,腕に,ウデニ,ウデニ,呪文
腕を,,,10,名詞,引用文字列,*,*,*,*,腕を,ウデヲ,ウデヲ,呪文
理に従い,,,10,名詞,引用文字列,*,*,*,*,理に従い,リニシタガイ,リニシタガイ,呪文
理性と,,,10,名詞,引用文字列,*,*,*,*,理性と,リセイト,リセイト,呪文
理性を,,,10,名詞,引用文字列,*,*,*,*,理性を,リセイヲ,リセイヲ,呪文
幽鬼,,,10,名詞,引用文字列,*,*,*,*,幽鬼,ユウキ,ユウキ,呪文
幽玄の,,,10,名詞,引用文字列,*,*,*,*,幽玄の,ユウゲンノ,ユウゲンノ,呪文
幽冥に,,,10,名詞,引用文字列,*,*,*,*,幽冥に,ユウメイニ,ユウメイニ,呪文
野山,,,10,名詞,引用文字列,*,*,*,*,野山,ノヤマ,ノヤマ,呪文
野卑,,,10,名詞,引用文字列,*,*,*,*,野卑,ヤヒ,ヤヒ,呪文
野望,,,10,名詞,引用文字列,*,*,*,*,野望,ヤボウ,ヤボウ,呪文
平らか,,,10,名詞,引用文字列,*,*,*,*,平らか,タイラカ,タイラカ,呪文
平穏の,,,10,名詞,引用文字列,*,*,*,*,平穏の,ヘイオンノ,ヘイオンノ,呪文
平行の,,,10,名詞,引用文字列,*,*,*,*,平行の,ヘイコウノ,ヘイコウノ,呪文
風が,,,10,名詞,引用文字列,*,*,*,*,風が,カゼガ,カゼガ,呪文
風に,,,10,名詞,引用文字列,*,*,*,*,風に,カゼニ,カゼニ,呪文
風ば,,,10,名詞,引用文字列,*,*,*,*,風ば,カゼバ,カゼバ,呪文
爆炎,,,10,名詞,引用文字列,*,*,*,*,爆炎,爆炎,爆炎,呪文
爆撃,,,10,名詞,引用文字列,*,*,*,*,爆撃,バクゲキ,バクゲキ,呪文
爆裂,,,10,名詞,引用文字列,*,*,*,*,爆裂,バクレツ,バクレツ,呪文
刀に,,,10,名詞,引用文字列,*,*,*,*,刀に,カタナニ,カタナニ,呪文
刀剣に,,,10,名詞,引用文字列,*,*,*,*,刀剣に,トウケンニ,トウケンニ,呪文
刀剣は,,,10,名詞,引用文字列,*,*,*,*,刀剣は,トウケンハ,トウケンハ,呪文
底に,,,10,名詞,引用文字列,*,*,*,*,底に,ソコニ,ソコニ,呪文
底より,,,10,名詞,引用文字列,*,*,*,*,底より,ソコヨリ,ソコヨリ,呪文
底を,,,10,名詞,引用文字列,*,*,*,*,底を,ソコヲ,ソコヲ,呪文
前の,,,10,名詞,引用文字列,*,*,*,*,前の,マエノ,マエノ,呪文
前を,,,10,名詞,引用文字列,*,*,*,*,前を,マエヲ,マエヲ,呪文
前途を,,,10,名詞,引用文字列,*,*,*,*,前途を,ゼントヲ,ゼントヲ,呪文
声に,,,10,名詞,引用文字列,*,*,*,*,声に,コエニ,コエニ,呪文
声ば,,,10,名詞,引用文字列,*,*,*,*,声ば,コエバ,コエバ,呪文
声聞か,,,10,名詞,引用文字列,*,*,*,*,声聞か,ショウモンカ,ショウモンカ,呪文
人の,,,10,名詞,引用文字列,*,*,*,*,人の,ヒトノ,ヒトノ,呪文
人を,,,10,名詞,引用文字列,*,*,*,*,人を,ヒトヲ,ヒトヲ,呪文
人間が,,,10,名詞,引用文字列,*,*,*,*,人間が,ニンゲンガ,ニンゲンガ,呪文
女の,,,10,名詞,引用文字列,*,*,*,*,女の,オンナノ,オンナノ,呪文
女王,,,10,名詞,引用文字列,*,*,*,*,女王,ジョオウ,ジョオウ,呪文
女神の,,,10,名詞,引用文字列,*,*,*,*,女神の,メガミノ,メガミノ,呪文
盾と,,,10,名詞,引用文字列,*,*,*,*,盾と,タテト,タテト,呪文
盾は,,,10,名詞,引用文字列,*,*,*,*,盾は,タテハ,タテハ,呪文
盾よ,,,10,名詞,引用文字列,*,*,*,*,盾よ,タテヨ,タテヨ,呪文
祝福で,,,10,名詞,引用文字列,*,*,*,*,祝福で,シュクフクデ,シュクフクデ,呪文
祝福の,,,10,名詞,引用文字列,*,*,*,*,祝福の,シュクフクノ,シュクフクノ,呪文
祝福を,,,10,名詞,引用文字列,*,*,*,*,祝福を,シュクフクヲ,シュクフクヲ,呪文
守りの,,,10,名詞,引用文字列,*,*,*,*,守りの,モリノ,モリノ,呪文
守りよ,,,10,名詞,引用文字列,*,*,*,*,守りよ,モリヨ,モリヨ,呪文
守護を,,,10,名詞,引用文字列,*,*,*,*,守護を,シュゴヲ,シュゴヲ,呪文
疾走,,,10,名詞,引用文字列,*,*,*,*,疾走,シッソウ,シッソウ,呪文
疾風の,,,10,名詞,引用文字列,*,*,*,*,疾風の,シップウノ,シップウノ,呪文
疾風よ,,,10,名詞,引用文字列,*,*,*,*,疾風よ,シップウヨ,シップウヨ,呪文
七つの,,,10,名詞,引用文字列,*,*,*,*,七つの,ナナツノ,ナナツノ,呪文
七光の,,,10,名詞,引用文字列,*,*,*,*,七光の,ナナヒカリノ,ナナヒカリノ,呪文
七色の,,,10,名詞,引用文字列,*,*,*,*,七色の,ナナイロノ,ナナイロノ,呪文
指が,,,10,名詞,引用文字列,*,*,*,*,指が,ユビガ,ユビガ,呪文
指を,,,10,名詞,引用文字列,*,*,*,*,指を,ユビヲ,ユビヲ,呪文
指先に,,,10,名詞,引用文字列,*,*,*,*,指先に,ユビサキニ,ユビサキニ,呪文
姿が,,,10,名詞,引用文字列,*,*,*,*,姿が,スガタガ,スガタガ,呪文
姿へ,,,10,名詞,引用文字列,*,*,*,*,姿へ,スガタヘ,スガタヘ,呪文
姿を,,,10,名詞,引用文字列,*,*,*,*,姿を,スガタヲ,スガタヲ,呪文
始まりの,,,10,名詞,引用文字列,*,*,*,*,始まりの,ハジマリノ,ハジマリノ,呪文
始まりは,,,10,名詞,引用文字列,*,*,*,*,始まりは,ハジマリハ,ハジマリハ,呪文
始祖の,,,10,名詞,引用文字列,*,*,*,*,始祖の,シソノ,シソノ,呪文
罪と共に,,,10,名詞,引用文字列,*,*,*,*,罪と共に,ツミトトモニ,ツミトトモニ,呪文
罪ば,,,10,名詞,引用文字列,*,*,*,*,罪ば,ツミバ,ツミバ,呪文
罪を,,,10,名詞,引用文字列,*,*,*,*,罪を,ツミヲ,ツミヲ,呪文
裁きと,,,10,名詞,引用文字列,*,*,*,*,裁きと,サバキト,サバキト,呪文
裁きの,,,10,名詞,引用文字列,*,*,*,*,裁きの,サバキノ,サバキノ,呪文
裁きを,,,10,名詞,引用文字列,*,*,*,*,裁きを,サバキヲ,サバキヲ,呪文
混沌の,,,10,名詞,引用文字列,*,*,*,*,混沌の,コントンノ,コントンノ,呪文
混沌へ,,,10,名詞,引用文字列,*,*,*,*,混沌へ,コントンヘ,コントンヘ,呪文
混乱を,,,10,名詞,引用文字列,*,*,*,*,混乱を,コンランヲ,コンランヲ,呪文
行き,,,10,名詞,引用文字列,*,*,*,*,行き,イキ,イキ,呪文
行く手を,,,10,名詞,引用文字列,*,*,*,*,行く手を,ユクテヲ,ユクテヲ,呪文
行方,,,10,名詞,引用文字列,*,*,*,*,行方,ユクエ,ユクエ,呪文
呼び声の,,,10,名詞,引用文字列,*,*,*,*,呼び声の,ヨビゴエノ,ヨビゴエノ,呪文
呼び声を,,,10,名詞,引用文字列,*,*,*,*,呼び声を,ヨビゴエヲ,ヨビゴエヲ,呪文
呼吸,,,10,名詞,引用文字列,*,*,*,*,呼吸,コキュウ,コキュウ,呪文
現出,,,10,名詞,引用文字列,*,*,*,*,現出,ゲンシュツ,ゲンシュツ,呪文
現世に,,,10,名詞,引用文字列,*,*,*,*,現世に,ゲンセイニ,ゲンセイニ,呪文
現世の,,,10,名詞,引用文字列,*,*,*,*,現世の,ゲンセイノ,ゲンセイノ,呪文
源の,,,10,名詞,引用文字列,*,*,*,*,源の,ミナモトノ,ミナモトノ,呪文
源よ,,,10,名詞,引用文字列,*,*,*,*,源よ,ミナモトヨ,ミナモトヨ,呪文
源流に,,,10,名詞,引用文字列,*,*,*,*,源流に,ゲンリュウニ,ゲンリュウニ,呪文
我が身と,,,10,名詞,引用文字列,*,*,*,*,我が身と,ワガミト,ワガミト,呪文
我が身ど,,,10,名詞,引用文字列,*,*,*,*,我が身ど,ワガミド,ワガミド,呪文
我が身に,,,10,名詞,引用文字列,*,*,*,*,我が身に,ワガミニ,ワガミニ,呪文
我が身の,,,10,名詞,引用文字列,*,*,*,*,我が身の,ワガミノ,ワガミノ,呪文
我が身を,,,10,名詞,引用文字列,*,*,*,*,我が身を,ワガミヲ,ワガミヲ,呪文
我と共に,,,10,名詞,引用文字列,*,*,*,*,我と共に,ワガトトモニ,ワガトトモニ,呪文
我に従い,,,10,名詞,引用文字列,*,*,*,*,我に従い,ワガニシタガイ,ワガニシタガイ,呪文
我の,,,10,名詞,引用文字列,*,*,*,*,我の,ワガノ,ワガノ,呪文
我は,,,10,名詞,引用文字列,*,*,*,*,我は,ワガハ,ワガハ,呪文
我ば,,,10,名詞,引用文字列,*,*,*,*,我ば,ワガバ,ワガバ,呪文
我らが,,,10,名詞,引用文字列,*,*,*,*,我らが,ワレラガ,ワレラガ,呪文
我らに,,,10,名詞,引用文字列,*,*,*,*,我らに,ワレラニ,ワレラニ,呪文
我らを,,,10,名詞,引用文字列,*,*,*,*,我らを,ワレラヲ,ワレラヲ,呪文
我を,,,10,名詞,引用文字列,*,*,*,*,我を,ワガヲ,ワガヲ,呪文
無と,,,10,名詞,引用文字列,*,*,*,*,無と,ムト,ムト,呪文
無限の,,,10,名詞,引用文字列,*,*,*,*,無限の,ムゲンノ,ムゲンノ,呪文
無限より,,,10,名詞,引用文字列,*,*,*,*,無限より,ムゲンヨリ,ムゲンヨリ,呪文
無限を,,,10,名詞,引用文字列,*,*,*,*,無限を,ムゲンヲ,ムゲンヲ,呪文
無垢,,,10,名詞,引用文字列,*,*,*,*,無垢,ムク,ムク,呪文
無慈悲で,,,10,名詞,引用文字列,*,*,*,*,無慈悲で,ムジヒデ,ムジヒデ,呪文
無常に,,,10,名詞,引用文字列,*,*,*,*,無常に,ムジョウニ,ムジョウニ,呪文
無心の,,,10,名詞,引用文字列,*,*,*,*,無心の,ムシンノ,ムシンノ,呪文
無尽の,,,10,名詞,引用文字列,*,*,*,*,無尽の,ムジンノ,ムジンノ,呪文
無数の,,,10,名詞,引用文字列,*,*,*,*,無数の,ムスウノ,ムスウノ,呪文
無双の,,,10,名詞,引用文字列,*,*,*,*,無双の,ムソウノ,ムソウノ,呪文
無念の,,,10,名詞,引用文字列,*,*,*,*,無念の,ムネンノ,ムネンノ,呪文
無明,,,10,名詞,引用文字列,*,*,*,*,無明,ムミョウ,ムミョウ,呪文
雷と,,,10,名詞,引用文字列,*,*,*,*,雷と,カミナリト,カミナリト,呪文
雷よ,,,10,名詞,引用文字列,*,*,*,*,雷よ,カミナリヨ,カミナリヨ,呪文
雷を,,,10,名詞,引用文字列,*,*,*,*,雷を,カミナリヲ,カミナリヲ,呪文
雷雲よ,,,10,名詞,引用文字列,*,*,*,*,雷雲よ,ライウンヨ,ライウンヨ,呪文
雷撃の,,,10,名詞,引用文字列,*,*,*,*,雷撃の,ライゲキノ,ライゲキノ,呪文
雷光よ,,,10,名詞,引用文字列,*,*,*,*,雷光よ,ライコウヨ,ライコウヨ,呪文
雷獣よ,,,10,名詞,引用文字列,*,*,*,*,雷獣よ,ライジュウヨ,ライジュウヨ,呪文
雷電に,,,10,名詞,引用文字列,*,*,*,*,雷電に,ライデンニ,ライデンニ,呪文
雷電の,,,10,名詞,引用文字列,*,*,*,*,雷電の,ライデンノ,ライデンノ,呪文
雷電よ,,,10,名詞,引用文字列,*,*,*,*,雷電よ,ライデンヨ,ライデンヨ,呪文
雷電を,,,10,名詞,引用文字列,*,*,*,*,雷電を,ライデンヲ,ライデンヲ,呪文
原始にて,,,10,名詞,引用文字列,*,*,*,*,原始にて,ゲンシニテ,ゲンシニテ,呪文
原始の,,,10,名詞,引用文字列,*,*,*,*,原始の,ゲンシノ,ゲンシノ,呪文
原理を,,,10,名詞,引用文字列,*,*,*,*,原理を,ゲンリヲ,ゲンリヲ,呪文
元に,,,10,名詞,引用文字列,*,*,*,*,元に,モトニ,モトニ,呪文
元へ,,,10,名詞,引用文字列,*,*,*,*,元へ,モトヘ,モトヘ,呪文
元凶よ,,,10,名詞,引用文字列,*,*,*,*,元凶よ,ゲンキョウヨ,ゲンキョウヨ,呪文
堅甲,,,10,名詞,引用文字列,*,*,*,*,堅甲,ケンコウ,ケンコウ,呪文
堅氷よ,,,10,名詞,引用文字列,*,*,*,*,堅氷よ,ケンピョウヨ,ケンピョウヨ,呪文
堅牢,,,10,名詞,引用文字列,*,*,*,*,堅牢,ケンロウ,ケンロウ,呪文
契約により,,,10,名詞,引用文字列,*,*,*,*,契約により,ケイヤクニヨリ,ケイヤクニヨリ,呪文
契約に従い,,,10,名詞,引用文字列,*,*,*,*,契約に従い,ケイヤクニシタガイ,ケイヤクニシタガイ,呪文
契約よ,,,10,名詞,引用文字列,*,*,*,*,契約よ,ケイヤクヨ,ケイヤクヨ,呪文
狭間に,,,10,名詞,引用文字列,*,*,*,*,狭間に,ハザマニ,ハザマニ,呪文
狭間の,,,10,名詞,引用文字列,*,*,*,*,狭間の,ハザマノ,ハザマノ,呪文
狭霧,,,10,名詞,引用文字列,*,*,*,*,狭霧,サギリ,サギリ,呪文
巨人よ,,,10,名詞,引用文字列,*,*,*,*,巨人よ,キョジンヨ,キョジンヨ,呪文
巨石を,,,10,名詞,引用文字列,*,*,*,*,巨石を,巨石ヲ,巨石ヲ,呪文
巨大,,,10,名詞,引用文字列,*,*,*,*,巨大,キョダイ,キョダイ,呪文
雲より,,,10,名詞,引用文字列,*,*,*,*,雲より,クモヨリ,クモヨリ,呪文
雲海,,,10,名詞,引用文字列,*,*,*,*,雲海,ウンカイ,ウンカイ,呪文
雲壌を,,,10,名詞,引用文字列,*,*,*,*,雲壌を,ウンジョウヲ,ウンジョウヲ,呪文
羽に,,,10,名詞,引用文字列,*,*,*,*,羽に,ハネニ,ハネニ,呪文
羽根よ,,,10,名詞,引用文字列,*,*,*,*,羽根よ,ハネヨ,ハネヨ,呪文
羽根を,,,10,名詞,引用文字列,*,*,*,*,羽根を,ハネヲ,ハネヲ,呪文
一つに,,,10,名詞,引用文字列,*,*,*,*,一つに,ヒトツニ,ヒトツニ,呪文
一片よ,,,10,名詞,引用文字列,*,*,*,*,一片よ,イッペンヨ,イッペンヨ,呪文
一覧,,,10,名詞,引用文字列,*,*,*,*,一覧,イチラン,イチラン,呪文
以って,,,10,名詞,引用文字列,*,*,*,*,以って,以ッテ,以ッテ,呪文
以て,,,10,名詞,引用文字列,*,*,*,*,以て,以テ,以テ,呪文
以下,,,10,名詞,引用文字列,*,*,*,*,以下,イカ,イカ,呪文
贄に,,,10,名詞,引用文字列,*,*,*,*,贄に,ニエニ,ニエニ,呪文
贄を,,,10,名詞,引用文字列,*,*,*,*,贄を,ニエヲ,ニエヲ,呪文
瘴気の,,,10,名詞,引用文字列,*,*,*,*,瘴気の,ショウキノ,ショウキノ,呪文
瘴気よ,,,10,名詞,引用文字列,*,*,*,*,瘴気よ,ショウキヨ,ショウキヨ,呪文
煌々,,,10,名詞,引用文字列,*,*,*,*,煌々,コウコウ,コウコウ,呪文
煌よ,,,10,名詞,引用文字列,*,*,*,*,煌よ,煌ヨ,煌ヨ,呪文
檻にて,,,10,名詞,引用文字列,*,*,*,*,檻にて,オリニテ,オリニテ,呪文
檻よ,,,10,名詞,引用文字列,*,*,*,*,檻よ,オリヨ,オリヨ,呪文
刹那にて,,,10,名詞,引用文字列,*,*,*,*,刹那にて,セツナニテ,セツナニテ,呪文
刹那の,,,10,名詞,引用文字列,*,*,*,*,刹那の,セツナノ,セツナノ,呪文
連鎖を,,,10,名詞,引用文字列,*,*,*,*,連鎖を,レンサヲ,レンサヲ,呪文
連続,,,10,名詞,引用文字列,*,*,*,*,連続,レンゾク,レンゾク,呪文
煉獄と,,,10,名詞,引用文字列,*,*,*,*,煉獄と,レンゴクト,レンゴクト,呪文
煉獄の,,,10,名詞,引用文字列,*,*,*,*,煉獄の,レンゴクノ,レンゴクノ,呪文
裂斬,,,10,名詞,引用文字列,*,*,*,*,裂斬,裂斬,裂斬,呪文
裂刃と,,,10,名詞,引用文字列,*,*,*,*,裂刃と,裂刃ト,裂刃ト,呪文
旅人よ,,,10,名詞,引用文字列,*,*,*,*,旅人よ,タビビトヨ,タビビトヨ,呪文
旅路の,,,10,名詞,引用文字列,*,*,*,*,旅路の,タビジノ,タビジノ,呪文
龍と,,,10,名詞,引用文字列,*,*,*,*,龍と,リュウト,リュウト,呪文
龍神の,,,10,名詞,引用文字列,*,*,*,*,龍神の,リュウジンノ,リュウジンノ,呪文
嵐と,,,10,名詞,引用文字列,*,*,*,*,嵐と,アラシト,アラシト,呪文
嵐は,,,10,名詞,引用文字列,*,*,*,*,嵐は,アラシハ,アラシハ,呪文
乱心,,,10,名詞,引用文字列,*,*,*,*,乱心,ランシン,ランシン,呪文
乱舞,,,10,名詞,引用文字列,*,*,*,*,乱舞,ランブ,ランブ,呪文
螺旋の,,,10,名詞,引用文字列,*,*,*,*,螺旋の,ラセンノ,ラセンノ,呪文
螺鈿,,,10,名詞,引用文字列,*,*,*,*,螺鈿,ラデン,ラデン,呪文
羅の,,,10,名詞,引用文字列,*,*,*,*,羅の,ラノ,ラノ,呪文
羅刹に,,,10,名詞,引用文字列,*,*,*,*,羅刹に,ラセツニ,ラセツニ,呪文
揺の,,,10,名詞,引用文字列,*,*,*,*,揺の,ユラノ,ユラノ,呪文
揺らぎ,,,10,名詞,引用文字列,*,*,*,*,揺らぎ,ユラギ,ユラギ,呪文
妖精に,,,10,名詞,引用文字列,*,*,*,*,妖精に,ヨウセイニ,ヨウセイニ,呪文
妖精の,,,10,名詞,引用文字列,*,*,*,*,妖精の,ヨウセイノ,ヨウセイノ,呪文
誘いより,,,10,名詞,引用文字列,*,*,*,*,誘いより,サソイヨリ,サソイヨリ,呪文
誘惑の,,,10,名詞,引用文字列,*,*,*,*,誘惑の,ユウワクノ,ユウワクノ,呪文
悠遠を,,,10,名詞,引用文字列,*,*,*,*,悠遠を,ユウエンヲ,ユウエンヲ,呪文
悠久の,,,10,名詞,引用文字列,*,*,*,*,悠久の,ユウキュウノ,ユウキュウノ,呪文
盟約に従い,,,10,名詞,引用文字列,*,*,*,*,盟約に従い,メイヤクニシタガイ,メイヤクニシタガイ,呪文
盟約の,,,10,名詞,引用文字列,*,*,*,*,盟約の,メイヤクノ,メイヤクノ,呪文
明鏡は,,,10,名詞,引用文字列,*,*,*,*,明鏡は,メイキョウハ,メイキョウハ,呪文
明光よ,,,10,名詞,引用文字列,*,*,*,*,明光よ,メイコウヨ,メイコウヨ,呪文
命に,,,10,名詞,引用文字列,*,*,*,*,命に,イノチニ,イノチニ,呪文
命脈は,,,10,名詞,引用文字列,*,*,*,*,命脈は,メイミャクハ,メイミャクハ,呪文
夢に,,,10,名詞,引用文字列,*,*,*,*,夢に,ユメニ,ユメニ,呪文
夢魔よ,,,10,名詞,引用文字列,*,*,*,*,夢魔よ,ムマヨ,ムマヨ,呪文
脈に,,,10,名詞,引用文字列,*,*,*,*,脈に,ミャクニ,ミャクニ,呪文
脈動,,,10,名詞,引用文字列,*,*,*,*,脈動,ミャクドウ,ミャクドウ,呪文
暴威を,,,10,名詞,引用文字列,*,*,*,*,暴威を,ボウイヲ,ボウイヲ,呪文
暴風,,,10,名詞,引用文字列,*,*,*,*,暴風,ボウフウ,ボウフウ,呪文
放出,,,10,名詞,引用文字列,*,*,*,*,放出,ホウシュツ,ホウシュツ,呪文
放浪,,,10,名詞,引用文字列,*,*,*,*,放浪,ホウロウ,ホウロウ,呪文
抱擁の,,,10,名詞,引用文字列,*,*,*,*,抱擁の,ホウヨウノ,ホウヨウノ,呪文
抱擁を,,,10,名詞,引用文字列,*,*,*,*,抱擁を,ホウヨウヲ,ホウヨウヲ,呪文
憤怒と,,,10,名詞,引用文字列,*,*,*,*,憤怒と,フンドト,フンドト,呪文
憤怒に,,,10,名詞,引用文字列,*,*,*,*,憤怒に,フンドニ,フンドニ,呪文
淵に,,,10,名詞,引用文字列,*,*,*,*,淵に,フチニ,フチニ,呪文
淵より,,,10,名詞,引用文字列,*,*,*,*,淵より,フチヨリ,フチヨリ,呪文
武器,,,10,名詞,引用文字列,*,*,*,*,武器,ブキ,ブキ,呪文
武術,,,10,名詞,引用文字列,*,*,*,*,武術,ブジュツ,ブジュツ,呪文
姫よ,,,10,名詞,引用文字列,*,*,*,*,姫よ,ヒメヨ,ヒメヨ,呪文
姫君よ,,,10,名詞,引用文字列,*,*,*,*,姫君よ,ヒメギミヨ,ヒメギミヨ,呪文
微笑,,,10,名詞,引用文字列,*,*,*,*,微笑,ビショウ,ビショウ,呪文
微塵の,,,10,名詞,引用文字列,*,*,*,*,微塵の,ミジンノ,ミジンノ,呪文
飛散は,,,10,名詞,引用文字列,*,*,*,*,飛散は,ヒサンハ,ヒサンハ,呪文
飛弾に,,,10,名詞,引用文字列,*,*,*,*,飛弾に,ヒダンニ,ヒダンニ,呪文
非情の,,,10,名詞,引用文字列,*,*,*,*,非情の,ヒジョウノ,ヒジョウノ,呪文
非力,,,10,名詞,引用文字列,*,*,*,*,非力,ヒリキ,ヒリキ,呪文
秘術の,,,10,名詞,引用文字列,*,*,*,*,秘術の,ヒジュツノ,ヒジュツノ,呪文
秘術を,,,10,名詞,引用文字列,*,*,*,*,秘術を,ヒジュツヲ,ヒジュツヲ,呪文
扉よ,,,10,名詞,引用文字列,*,*,*,*,扉よ,トビラヨ,トビラヨ,呪文
扉を,,,10,名詞,引用文字列,*,*,*,*,扉を,トビラヲ,トビラヲ,呪文
蛮行を,,,10,名詞,引用文字列,*,*,*,*,蛮行を,バンコウヲ,バンコウヲ,呪文
蛮勇を,,,10,名詞,引用文字列,*,*,*,*,蛮勇を,バンユウヲ,バンユウヲ,呪文
覇王,,,10,名詞,引用文字列,*,*,*,*,覇王,ハオウ,ハオウ,呪文
覇者よ,,,10,名詞,引用文字列,*,*,*,*,覇者よ,ハシャヨ,ハシャヨ,呪文
熱を,,,10,名詞,引用文字列,*,*,*,*,熱を,ネツヲ,ネツヲ,呪文
熱風とともに,,,10,名詞,引用文字列,*,*,*,*,熱風とともに,ネップウトトモニ,ネップウトトモニ,呪文
如く,,,10,名詞,引用文字列,*,*,*,*,如く,ゴトク,ゴトク,呪文
如意宝珠に,,,10,名詞,引用文字列,*,*,*,*,如意宝珠に,ニョイホウジュニ,ニョイホウジュニ,呪文
入相の鐘の,,,10,名詞,引用文字列,*,*,*,*,入相の鐘の,イリアイノカネノ,イリアイノカネノ,呪文
入滅,,,10,名詞,引用文字列,*,*,*,*,入滅,ニュウメツ,ニュウメツ,呪文
内に,,,10,名詞,引用文字列,*,*,*,*,内に,ウチニ,ウチニ,呪文
内臓に,,,10,名詞,引用文字列,*,*,*,*,内臓に,ナイゾウニ,ナイゾウニ,呪文
塔と,,,10,名詞,引用文字列,*,*,*,*,塔と,トウト,トウト,呪文
塔の,,,10,名詞,引用文字列,*,*,*,*,塔の,トウノ,トウノ,呪文
凍結,,,10,名詞,引用文字列,*,*,*,*,凍結,トウケツ,トウケツ,呪文
凍土に,,,10,名詞,引用文字列,*,*,*,*,凍土に,トウドニ,トウドニ,呪文
吐息の,,,10,名詞,引用文字列,*,*,*,*,吐息の,トイキノ,トイキノ,呪文
吐息を,,,10,名詞,引用文字列,*,*,*,*,吐息を,トイキヲ,トイキヲ,呪文
泥砂に,,,10,名詞,引用文字列,*,*,*,*,泥砂に,デイサニ,デイサニ,呪文
泥砂の,,,10,名詞,引用文字列,*,*,*,*,泥砂の,デイサノ,デイサノ,呪文
帝の,,,10,名詞,引用文字列,*,*,*,*,帝の,ミカドノ,ミカドノ,呪文
帝王,,,10,名詞,引用文字列,*,*,*,*,帝王,テイオウ,テイオウ,呪文
沈み,,,10,名詞,引用文字列,*,*,*,*,沈み,シズミ,シズミ,呪文
沈黙の,,,10,名詞,引用文字列,*,*,*,*,沈黙の,チンモクノ,チンモクノ,呪文
断罪の,,,10,名詞,引用文字列,*,*,*,*,断罪の,ダンザイノ,ダンザイノ,呪文
断絶,,,10,名詞,引用文字列,*,*,*,*,断絶,ダンゼツ,ダンゼツ,呪文
達に,,,10,名詞,引用文字列,*,*,*,*,達に,イタルニ,イタルニ,呪文
達の,,,10,名詞,引用文字列,*,*,*,*,達の,イタルノ,イタルノ,呪文
憎悪の,,,10,名詞,引用文字列,*,*,*,*,憎悪の,ゾウオノ,ゾウオノ,呪文
憎悪より,,,10,名詞,引用文字列,*,*,*,*,憎悪より,ゾウオヨリ,ゾウオヨリ,呪文
蒼穹より,,,10,名詞,引用文字列,*,*,*,*,蒼穹より,ソウキュウヨリ,ソウキュウヨリ,呪文
蒼穹を,,,10,名詞,引用文字列,*,*,*,*,蒼穹を,ソウキュウヲ,ソウキュウヲ,呪文
創世の,,,10,名詞,引用文字列,*,*,*,*,創世の,ソウセイノ,ソウセイノ,呪文
創造の,,,10,名詞,引用文字列,*,*,*,*,創造の,ソウゾウノ,ソウゾウノ,呪文
旋律は,,,10,名詞,引用文字列,*,*,*,*,旋律は,センリツハ,センリツハ,呪文
旋律を,,,10,名詞,引用文字列,*,*,*,*,旋律を,センリツヲ,センリツヲ,呪文
切先か,,,10,名詞,引用文字列,*,*,*,*,切先か,キッサキカ,キッサキカ,呪文
切先に,,,10,名詞,引用文字列,*,*,*,*,切先に,キッサキニ,キッサキニ,呪文
石に,,,10,名詞,引用文字列,*,*,*,*,石に,イシニ,イシニ,呪文
石の,,,10,名詞,引用文字列,*,*,*,*,石の,イシノ,イシノ,呪文
聖者,,,10,名詞,引用文字列,*,*,*,*,聖者,セイジャ,セイジャ,呪文
聖戦に,,,10,名詞,引用文字列,*,*,*,*,聖戦に,セイセンニ,セイセンニ,呪文
正義と,,,10,名詞,引用文字列,*,*,*,*,正義と,セイギト,セイギト,呪文
正義の,,,10,名詞,引用文字列,*,*,*,*,正義の,セイギノ,セイギノ,呪文
制裁の,,,10,名詞,引用文字列,*,*,*,*,制裁の,セイサイノ,セイサイノ,呪文
制約を,,,10,名詞,引用文字列,*,*,*,*,制約を,セイヤクヲ,セイヤクヲ,呪文
世界と,,,10,名詞,引用文字列,*,*,*,*,世界と,セカイト,セカイト,呪文
世界を,,,10,名詞,引用文字列,*,*,*,*,世界を,セカイヲ,セカイヲ,呪文
震えと,,,10,名詞,引用文字列,*,*,*,*,震えと,フルエト,フルエト,呪文
震天動地の,,,10,名詞,引用文字列,*,*,*,*,震天動地の,シンテンドウチノ,シンテンドウチノ,呪文
森に,,,10,名詞,引用文字列,*,*,*,*,森に,モリニ,モリニ,呪文
森羅万象の,,,10,名詞,引用文字列,*,*,*,*,森羅万象の,シンラバンショウノ,シンラバンショウノ,呪文
条に,,,10,名詞,引用文字列,*,*,*,*,条に,ジョウニ,ジョウニ,呪文
条の,,,10,名詞,引用文字列,*,*,*,*,条の,ジョウノ,ジョウノ,呪文
障害を,,,10,名詞,引用文字列,*,*,*,*,障害を,ショウガイヲ,ショウガイヲ,呪文
障壁は,,,10,名詞,引用文字列,*,*,*,*,障壁は,ショウヘキハ,ショウヘキハ,呪文
消し,,,10,名詞,引用文字列,*,*,*,*,消し,ケシ,ケシ,呪文
消散,,,10,名詞,引用文字列,*,*,*,*,消散,ショウサン,ショウサン,呪文
瞬きよ,,,10,名詞,引用文字列,*,*,*,*,瞬きよ,マバタキヨ,マバタキヨ,呪文
瞬の,,,10,名詞,引用文字列,*,*,*,*,瞬の,マドカノ,マドカノ,呪文
出よ,,,10,名詞,引用文字列,*,*,*,*,出よ,デヨ,デヨ,呪文
出雲の神の,,,10,名詞,引用文字列,*,*,*,*,出雲の神の,イズモノカミノ,イズモノカミノ,呪文
獣と,,,10,名詞,引用文字列,*,*,*,*,獣と,シシト,シシト,呪文
獣の,,,10,名詞,引用文字列,*,*,*,*,獣の,シシノ,シシノ,呪文
集いて,,,10,名詞,引用文字列,*,*,*,*,集いて,ツドイテ,ツドイテ,呪文
集結,,,10,名詞,引用文字列,*,*,*,*,集結,シュウケツ,シュウケツ,呪文
主に,,,10,名詞,引用文字列,*,*,*,*,主に,オモニ,オモニ,呪文
主の,,,10,名詞,引用文字列,*,*,*,*,主の,アルジノ,アルジノ,呪文
灼熱と,,,10,名詞,引用文字列,*,*,*,*,灼熱と,シャクネツト,シャクネツト,呪文
灼熱の,,,10,名詞,引用文字列,*,*,*,*,灼熱の,シャクネツノ,シャクネツノ,呪文
者の,,,10,名詞,引用文字列,*,*,*,*,者の,モノノ,モノノ,呪文
者共,,,10,名詞,引用文字列,*,*,*,*,者共,モノドモ,モノドモ,呪文
三の,,,10,名詞,引用文字列,*,*,*,*,三の,サンノ,サンノ,呪文
三界,,,10,名詞,引用文字列,*,*,*,*,三界,サンガイ,サンガイ,呪文
災いを,,,10,名詞,引用文字列,*,*,*,*,災いを,ワザワイヲ,ワザワイヲ,呪文
災厄の,,,10,名詞,引用文字列,*,*,*,*,災厄の,サイヤクノ,サイヤクノ,呪文
最果ての,,,10,名詞,引用文字列,*,*,*,*,最果ての,サイハテノ,サイハテノ,呪文
最終,,,10,名詞,引用文字列,*,*,*,*,最終,サイシュウ,サイシュウ,呪文
再生の,,,10,名詞,引用文字列,*,*,*,*,再生の,サイセイノ,サイセイノ,呪文
再生を,,,10,名詞,引用文字列,*,*,*,*,再生を,サイセイヲ,サイセイヲ,呪文
砂を,,,10,名詞,引用文字列,*,*,*,*,砂を,スナヲ,スナヲ,呪文
砂嵐,,,10,名詞,引用文字列,*,*,*,*,砂嵐,スナアラシ,スナアラシ,呪文
今こそ,,,10,名詞,引用文字列,*,*,*,*,今こそ,イマコソ,イマコソ,呪文
今一,,,10,名詞,引用文字列,*,*,*,*,今一,イマイチ,イマイチ,呪文
刻印よ,,,10,名詞,引用文字列,*,*,*,*,刻印よ,コクインヨ,コクインヨ,呪文
刻印を,,,10,名詞,引用文字列,*,*,*,*,刻印を,コクインヲ,コクインヲ,呪文
幸運,,,10,名詞,引用文字列,*,*,*,*,幸運,コウウン,コウウン,呪文
幸福を,,,10,名詞,引用文字列,*,*,*,*,幸福を,コウフクヲ,コウフクヲ,呪文
己が,,,10,名詞,引用文字列,*,*,*,*,己が,オノレガ,オノレガ,呪文
己の,,,10,名詞,引用文字列,*,*,*,*,己の,オノレノ,オノレノ,呪文
古の,,,10,名詞,引用文字列,*,*,*,*,古の,イニシエノ,イニシエノ,呪文
古今,,,10,名詞,引用文字列,*,*,*,*,古今,ココン,ココン,呪文
立ち上がり,,,10,名詞,引用文字列,*,*,*,*,立ち上がり,タチアガリ,タチアガリ,呪文
幻と,,,10,名詞,引用文字列,*,*,*,*,幻と,マボロシト,マボロシト,呪文
幻を,,,10,名詞,引用文字列,*,*,*,*,幻を,マボロシヲ,マボロシヲ,呪文
恵の,,,10,名詞,引用文字列,*,*,*,*,恵の,メグミノ,メグミノ,呪文
恵みを,,,10,名詞,引用文字列,*,*,*,*,恵みを,メグミヲ,メグミヲ,呪文
具現は,,,10,名詞,引用文字列,*,*,*,*,具現は,グゲンハ,グゲンハ,呪文
具足を,,,10,名詞,引用文字列,*,*,*,*,具足を,グソクヲ,グソクヲ,呪文
大河の,,,10,名詞,引用文字列,*,*,*,*,大河の,タイガノ,タイガノ,呪文
大海を,,,10,名詞,引用文字列,*,*,*,*,大海を,タイカイヲ,タイカイヲ,呪文
大気に,,,10,名詞,引用文字列,*,*,*,*,大気に,タイキニ,タイキニ,呪文
大気の,,,10,名詞,引用文字列,*,*,*,*,大気の,タイキノ,タイキノ,呪文
大気は,,,10,名詞,引用文字列,*,*,*,*,大気は,タイキハ,タイキハ,呪文
大気より,,,10,名詞,引用文字列,*,*,*,*,大気より,タイキヨリ,タイキヨリ,呪文
大気を,,,10,名詞,引用文字列,*,*,*,*,大気を,タイキヲ,タイキヲ,呪文
大空,,,10,名詞,引用文字列,*,*,*,*,大空,オオゾラ,オオゾラ,呪文
大蛇よ,,,10,名詞,引用文字列,*,*,*,*,大蛇よ,ダイジャヨ,ダイジャヨ,呪文
大樹よ,,,10,名詞,引用文字列,*,*,*,*,大樹よ,タイジュヨ,タイジュヨ,呪文
大地と,,,10,名詞,引用文字列,*,*,*,*,大地と,ダイチト,ダイチト,呪文
大地に,,,10,名詞,引用文字列,*,*,*,*,大地に,ダイチニ,ダイチニ,呪文
大地の,,,10,名詞,引用文字列,*,*,*,*,大地の,ダイチノ,ダイチノ,呪文
大地よ,,,10,名詞,引用文字列,*,*,*,*,大地よ,ダイチヨ,ダイチヨ,呪文
大地を,,,10,名詞,引用文字列,*,*,*,*,大地を,ダイチヲ,ダイチヲ,呪文
胸に,,,10,名詞,引用文字列,*,*,*,*,胸に,ムネニ,ムネニ,呪文
胸中に,,,10,名詞,引用文字列,*,*,*,*,胸中に,キョウチュウニ,キョウチュウニ,呪文
狂気と,,,10,名詞,引用文字列,*,*,*,*,狂気と,キョウキト,キョウキト,呪文
狂乱の,,,10,名詞,引用文字列,*,*,*,*,狂乱の,キョウランノ,キョウランノ,呪文
恐怖とともに,,,10,名詞,引用文字列,*,*,*,*,恐怖とともに,キョウフトトモニ,キョウフトトモニ,呪文
恐怖の,,,10,名詞,引用文字列,*,*,*,*,恐怖の,キョウフノ,キョウフノ,呪文
強き,,,10,名詞,引用文字列,*,*,*,*,強き,ツヨキ,ツヨキ,呪文
強欲の,,,10,名詞,引用文字列,*,*,*,*,強欲の,ゴウヨクノ,ゴウヨクノ,呪文
叫びよ,,,10,名詞,引用文字列,*,*,*,*,叫びよ,サケビヨ,サケビヨ,呪文
叫打,,,10,名詞,引用文字列,*,*,*,*,叫打,叫打,叫打,呪文
鬼と,,,10,名詞,引用文字列,*,*,*,*,鬼と,オニト,オニト,呪文
鬼神,,,10,名詞,引用文字列,*,*,*,*,鬼神,キジン,キジン,呪文
記憶に,,,10,名詞,引用文字列,*,*,*,*,記憶に,キオクニ,キオクニ,呪文
記憶の,,,10,名詞,引用文字列,*,*,*,*,記憶の,キオクノ,キオクノ,呪文
祈り,,,10,名詞,引用文字列,*,*,*,*,祈り,イノリ,イノリ,呪文
祈祷,,,10,名詞,引用文字列,*,*,*,*,祈祷,キトウ,キトウ,呪文
希望の,,,10,名詞,引用文字列,*,*,*,*,希望の,キボウノ,キボウノ,呪文
希望を,,,10,名詞,引用文字列,*,*,*,*,希望を,キボウヲ,キボウヲ,呪文
願いを,,,10,名詞,引用文字列,*,*,*,*,願いを,ネガイヲ,ネガイヲ,呪文
願ば,,,10,名詞,引用文字列,*,*,*,*,願ば,ネガイバ,ネガイバ,呪文
活殺,,,10,名詞,引用文字列,*,*,*,*,活殺,カッサツ,カッサツ,呪文
活力を,,,10,名詞,引用文字列,*,*,*,*,活力を,カツリョクヲ,カツリョクヲ,呪文
骸に,,,10,名詞,引用文字列,*,*,*,*,骸に,ムクロニ,ムクロニ,呪文
骸の,,,10,名詞,引用文字列,*,*,*,*,骸の,ムクロノ,ムクロノ,呪文
鎧と,,,10,名詞,引用文字列,*,*,*,*,鎧と,ヨロイト,ヨロイト,呪文
鎧を,,,10,名詞,引用文字列,*,*,*,*,鎧を,ヨロイヲ,ヨロイヲ,呪文
開き,,,10,名詞,引用文字列,*,*,*,*,開き,ヒラキ,ヒラキ,呪文
開放へ,,,10,名詞,引用文字列,*,*,*,*,開放へ,カイホウヘ,カイホウヘ,呪文
快速の,,,10,名詞,引用文字列,*,*,*,*,快速の,カイソクノ,カイソクノ,呪文
快方の,,,10,名詞,引用文字列,*,*,*,*,快方の,カイホウノ,カイホウノ,呪文
回廊に,,,10,名詞,引用文字列,*,*,*,*,回廊に,カイロウニ,カイロウニ,呪文
回廊へ,,,10,名詞,引用文字列,*,*,*,*,回廊へ,カイロウヘ,カイロウヘ,呪文
火を,,,10,名詞,引用文字列,*,*,*,*,火を,ヒヲ,ヒヲ,呪文
火炎の,,,10,名詞,引用文字列,*,*,*,*,火炎の,カエンノ,カエンノ,呪文
歌で,,,10,名詞,引用文字列,*,*,*,*,歌で,ウタデ,ウタデ,呪文
歌声よ,,,10,名詞,引用文字列,*,*,*,*,歌声よ,ウタゴエヨ,ウタゴエヨ,呪文
加護により,,,10,名詞,引用文字列,*,*,*,*,加護により,カゴニヨリ,カゴニヨリ,呪文
加護を,,,10,名詞,引用文字列,*,*,*,*,加護を,カゴヲ,カゴヲ,呪文
下に,,,10,名詞,引用文字列,*,*,*,*,下に,シタニ,シタニ,呪文
下記の,,,10,名詞,引用文字列,*,*,*,*,下記の,カキノ,カキノ,呪文
音こそ,,,10,名詞,引用文字列,*,*,*,*,音こそ,オトコソ,オトコソ,呪文
音の,,,10,名詞,引用文字列,*,*,*,*,音の,オトノ,オトノ,呪文
王が,,,10,名詞,引用文字列,*,*,*,*,王が,オウガ,オウガ,呪文
王の,,,10,名詞,引用文字列,*,*,*,*,王の,オウノ,オウノ,呪文
焔の,,,10,名詞,引用文字列,*,*,*,*,焔の,ホノオノ,ホノオノ,呪文
焔よ,,,10,名詞,引用文字列,*,*,*,*,焔よ,ホノオヨ,ホノオヨ,呪文
怨恨の,,,10,名詞,引用文字列,*,*,*,*,怨恨の,エンコンノ,エンコンノ,呪文
怨敵,,,10,名詞,引用文字列,*,*,*,*,怨敵,オンテキ,オンテキ,呪文
宴の,,,10,名詞,引用文字列,*,*,*,*,宴の,ウタゲノ,ウタゲノ,呪文
宴よ,,,10,名詞,引用文字列,*,*,*,*,宴よ,ウタゲヨ,ウタゲヨ,呪文
英姿,,,10,名詞,引用文字列,*,*,*,*,英姿,エイシ,エイシ,呪文
英知を,,,10,名詞,引用文字列,*,*,*,*,英知を,エイチヲ,エイチヲ,呪文
運命の,,,10,名詞,引用文字列,*,*,*,*,運命の,ウンメイノ,ウンメイノ,呪文
運命を,,,10,名詞,引用文字列,*,*,*,*,運命を,ウンメイヲ,ウンメイヲ,呪文
渦よ,,,10,名詞,引用文字列,*,*,*,*,渦よ,ウズヨ,ウズヨ,呪文
渦を,,,10,名詞,引用文字列,*,*,*,*,渦を,ウズヲ,ウズヲ,呪文
振り,,,10,名詞,引用文字列,*,*,*,*,振り,フリ,フリ,呪文
振るう,,,10,名詞,引用文字列,*,*,*,*,振るう,フルウ,フルウ,呪文
振るわ,,,10,名詞,引用文字列,*,*,*,*,振るわ,フルワ,フルワ,呪文
震えろ,,,10,名詞,引用文字列,*,*,*,*,震えろ,フルエロ,フルエロ,呪文
震わせよ,,,10,名詞,引用文字列,*,*,*,*,震わせよ,フルワセヨ,フルワセヨ,呪文
尽きる,,,10,名詞,引用文字列,*,*,*,*,尽きる,ツキル,ツキル,呪文
尽くさ,,,10,名詞,引用文字列,*,*,*,*,尽くさ,コトゴトクサ,コトゴトクサ,呪文
尽くす,,,10,名詞,引用文字列,*,*,*,*,尽くす,ツクス,ツクス,呪文
尽くせ,,,10,名詞,引用文字列,*,*,*,*,尽くせ,ツクセ,ツクセ,呪文
吹き飛べ,,,10,名詞,引用文字列,*,*,*,*,吹き飛べ,フキトベ,フキトベ,呪文
具現化せよ,,,10,名詞,引用文字列,*,*,*,*,具現化せよ,グゲンカセヨ,グゲンカセヨ,呪文
踊れ,,,10,名詞,引用文字列,*,*,*,*,踊れ,オドレ,オドレ,呪文
歌え,,,10,名詞,引用文字列,*,*,*,*,歌え,ウタエ,ウタエ,呪文
紡げ,,,10,名詞,引用文字列,*,*,*,*,紡げ,ツムゲ,ツムゲ,呪文
遂げる,,,10,名詞,引用文字列,*,*,*,*,遂げる,トゲル,トゲル,呪文
澄み渡り,,,10,名詞,引用文字列,*,*,*,*,澄み渡り,スミワタリ,スミワタリ,呪文
澄み渡る,,,10,名詞,引用文字列,*,*,*,*,澄み渡る,スミワタル,スミワタル,呪文
成す,,,10,名詞,引用文字列,*,*,*,*,成す,ナス,ナス,呪文
成せ,,,10,名詞,引用文字列,*,*,*,*,成せ,ナセ,ナセ,呪文
成り,,,10,名詞,引用文字列,*,*,*,*,成り,ナリ,ナリ,呪文
清めん,,,10,名詞,引用文字列,*,*,*,*,清めん,キヨメン,キヨメン,呪文
生きる,,,10,名詞,引用文字列,*,*,*,*,生きる,イキル,イキル,呪文
生まれ,,,10,名詞,引用文字列,*,*,*,*,生まれ,ウマレ,ウマレ,呪文
生み出さ,,,10,名詞,引用文字列,*,*,*,*,生み出さ,ウミダサ,ウミダサ,呪文
生み出す,,,10,名詞,引用文字列,*,*,*,*,生み出す,ウミダス,ウミダス,呪文
生み出せ,,,10,名詞,引用文字列,*,*,*,*,生み出せ,ウミダセ,ウミダセ,呪文
誓う,,,10,名詞,引用文字列,*,*,*,*,誓う,チカウ,チカウ,呪文
逝く,,,10,名詞,引用文字列,*,*,*,*,逝く,ユク,ユク,呪文
静め,,,10,名詞,引用文字列,*,*,*,*,静め,シズメ,シズメ,呪文
切り刻め,,,10,名詞,引用文字列,*,*,*,*,切り刻め,キリキザメ,キリキザメ,呪文
切り裂く,,,10,名詞,引用文字列,*,*,*,*,切り裂く,キリサク,キリサク,呪文
折る,,,10,名詞,引用文字列,*,*,*,*,折る,オル,オル,呪文
折れ,,,10,名詞,引用文字列,*,*,*,*,折れ,オレ,オレ,呪文
染み渡る,,,10,名詞,引用文字列,*,*,*,*,染み渡る,シミワタル,シミワタル,呪文
染めろ,,,10,名詞,引用文字列,*,*,*,*,染めろ,ソメロ,ソメロ,呪文
つなぎ止める,,,10,名詞,引用文字列,*,*,*,*,つなぎ止める,ツナギトメル,ツナギトメル,呪文
委ねよ,,,10,名詞,引用文字列,*,*,*,*,委ねよ,ユダネヨ,ユダネヨ,呪文
委ねる,,,10,名詞,引用文字列,*,*,*,*,委ねる,ユダネル,ユダネル,呪文
委ねん,,,10,名詞,引用文字列,*,*,*,*,委ねん,ユダネン,ユダネン,呪文
為す,,,10,名詞,引用文字列,*,*,*,*,為す,ナス,ナス,呪文
為り,,,10,名詞,引用文字列,*,*,*,*,為り,ナリ,ナリ,呪文
移る,,,10,名詞,引用文字列,*,*,*,*,移る,ウツル,ウツル,呪文
育み,,,10,名詞,引用文字列,*,*,*,*,育み,ハグクミ,ハグクミ,呪文
育む,,,10,名詞,引用文字列,*,*,*,*,育む,ハグクム,ハグクム,呪文
引き継が,,,10,名詞,引用文字列,*,*,*,*,引き継が,ヒキツガ,ヒキツガ,呪文
引き裂か,,,10,名詞,引用文字列,*,*,*,*,引き裂か,ヒキサカ,ヒキサカ,呪文
引き裂く,,,10,名詞,引用文字列,*,*,*,*,引き裂く,ヒキサク,ヒキサク,呪文
隠し,,,10,名詞,引用文字列,*,*,*,*,隠し,カクシ,カクシ,呪文
羽ばたき,,,10,名詞,引用文字列,*,*,*,*,羽ばたき,ハバタキ,ハバタキ,呪文
渦巻く,,,10,名詞,引用文字列,*,*,*,*,渦巻く,ウズマク,ウズマク,呪文
映し,,,10,名詞,引用文字列,*,*,*,*,映し,ウツシ,ウツシ,呪文
映り,,,10,名詞,引用文字列,*,*,*,*,映り,ウツリ,ウツリ,呪文
詠じる,,,10,名詞,引用文字列,*,*,*,*,詠じる,エイジル,エイジル,呪文
応えよ,,,10,名詞,引用文字列,*,*,*,*,応えよ,コタエヨ,コタエヨ,呪文
横たわり,,,10,名詞,引用文字列,*,*,*,*,横たわり,ヨコタワリ,ヨコタワリ,呪文
横たわる,,,10,名詞,引用文字列,*,*,*,*,横たわる,ヨコタワル,ヨコタワル,呪文
下り,,,10,名詞,引用文字列,*,*,*,*,下り,クダリ,クダリ,呪文
化し,,,10,名詞,引用文字列,*,*,*,*,化し,カシ,カシ,呪文
化せ,,,10,名詞,引用文字列,*,*,*,*,化せ,カセ,カセ,呪文
果たせ,,,10,名詞,引用文字列,*,*,*,*,果たせ,ハタセ,ハタセ,呪文
歌い,,,10,名詞,引用文字列,*,*,*,*,歌い,ウタイ,ウタイ,呪文
火照り,,,10,名詞,引用文字列,*,*,*,*,火照り,ホテリ,ホテリ,呪文
過ぎ去り,,,10,名詞,引用文字列,*,*,*,*,過ぎ去り,スギサリ,スギサリ,呪文
過ぎ行く,,,10,名詞,引用文字列,*,*,*,*,過ぎ行く,スギユク,スギユク,呪文
解き放た,,,10,名詞,引用文字列,*,*,*,*,解き放た,トキハナタ,トキハナタ,呪文
解き放ち,,,10,名詞,引用文字列,*,*,*,*,解き放ち,トキハナチ,トキハナチ,呪文
解き放て,,,10,名詞,引用文字列,*,*,*,*,解き放て,トキハナテ,トキハナテ,呪文
廻る,,,10,名詞,引用文字列,*,*,*,*,廻る,メグル,メグル,呪文
開か,,,10,名詞,引用文字列,*,*,*,*,開か,ヒラカ,ヒラカ,呪文
開く,,,10,名詞,引用文字列,*,*,*,*,開く,ヒラク,ヒラク,呪文
開け,,,10,名詞,引用文字列,*,*,*,*,開け,アケ,アケ,呪文
覚まし,,,10,名詞,引用文字列,*,*,*,*,覚まし,サマシ,サマシ,呪文
額づく,,,10,名詞,引用文字列,*,*,*,*,額づく,ヌカヅク,ヌカヅク,呪文
叶わ,,,10,名詞,引用文字列,*,*,*,*,叶わ,カナワ,カナワ,呪文
冠す,,,10,名詞,引用文字列,*,*,*,*,冠す,カンス,カンス,呪文
患い,,,10,名詞,引用文字列,*,*,*,*,患い,ワズライ,ワズライ,呪文
看取る,,,10,名詞,引用文字列,*,*,*,*,看取る,ミトル,ミトル,呪文
緩め,,,10,名詞,引用文字列,*,*,*,*,緩め,ユルメ,ユルメ,呪文
貫き,,,10,名詞,引用文字列,*,*,*,*,貫き,ツラヌキ,ツラヌキ,呪文
貫く,,,10,名詞,引用文字列,*,*,*,*,貫く,ツラヌク,ツラヌク,呪文
貫け,,,10,名詞,引用文字列,*,*,*,*,貫け,ツラヌケ,ツラヌケ,呪文
還さ,,,10,名詞,引用文字列,*,*,*,*,還さ,カエサ,カエサ,呪文
還し,,,10,名詞,引用文字列,*,*,*,*,還し,カエシ,カエシ,呪文
還せ,,,10,名詞,引用文字列,*,*,*,*,還せ,カエセ,カエセ,呪文
還る,,,10,名詞,引用文字列,*,*,*,*,還る,カエル,カエル,呪文
願い,,,10,名詞,引用文字列,*,*,*,*,願い,ネガイ,ネガイ,呪文
願う,,,10,名詞,引用文字列,*,*,*,*,願う,ネガウ,ネガウ,呪文
帰す,,,10,名詞,引用文字列,*,*,*,*,帰す,キス,キス,呪文
帰ら,,,10,名詞,引用文字列,*,*,*,*,帰ら,カエラ,カエラ,呪文
帰り,,,10,名詞,引用文字列,*,*,*,*,帰り,カエリ,カエリ,呪文
帰れ,,,10,名詞,引用文字列,*,*,*,*,帰れ,カエレ,カエレ,呪文
祈る,,,10,名詞,引用文字列,*,*,*,*,祈る,イノル,イノル,呪文
起こし,,,10,名詞,引用文字列,*,*,*,*,起こし,オコシ,オコシ,呪文
起せ,,,10,名詞,引用文字列,*,*,*,*,起せ,オコセ,オコセ,呪文
輝く,,,10,名詞,引用文字列,*,*,*,*,輝く,カガヤク,カガヤク,呪文
飢え,,,10,名詞,引用文字列,*,*,*,*,飢え,ウエ,ウエ,呪文
戯れ,,,10,名詞,引用文字列,*,*,*,*,戯れ,タワムレ,タワムレ,呪文
逆巻く,,,10,名詞,引用文字列,*,*,*,*,逆巻く,サカマク,サカマク,呪文
休め,,,10,名詞,引用文字列,*,*,*,*,休め,ヤスメ,ヤスメ,呪文
急ぐ,,,10,名詞,引用文字列,*,*,*,*,急ぐ,イソグ,イソグ,呪文
救い出せ,,,10,名詞,引用文字列,*,*,*,*,救い出せ,スクイダセ,スクイダセ,呪文
救え,,,10,名詞,引用文字列,*,*,*,*,救え,スクエ,スクエ,呪文
救わ,,,10,名詞,引用文字列,*,*,*,*,救わ,スクワ,スクワ,呪文
朽ち果て,,,10,名詞,引用文字列,*,*,*,*,朽ち果て,クチハテ,クチハテ,呪文
求める,,,10,名詞,引用文字列,*,*,*,*,求める,モトメル,モトメル,呪文
居り,,,10,名詞,引用文字列,*,*,*,*,居り,オリ,オリ,呪文
拒ま,,,10,名詞,引用文字列,*,*,*,*,拒ま,コバマ,コバマ,呪文
許さ,,,10,名詞,引用文字列,*,*,*,*,許さ,ユルサ,ユルサ,呪文
許し,,,10,名詞,引用文字列,*,*,*,*,許し,ユルシ,ユルシ,呪文
響き,,,10,名詞,引用文字列,*,*,*,*,響き,ヒビキ,ヒビキ,呪文
響く,,,10,名詞,引用文字列,*,*,*,*,響く,ヒビク,ヒビク,呪文
響け,,,10,名詞,引用文字列,*,*,*,*,響け,ヒビケ,ヒビケ,呪文
仰ぐ,,,10,名詞,引用文字列,*,*,*,*,仰ぐ,アオグ,アオグ,呪文
曲げ,,,10,名詞,引用文字列,*,*,*,*,曲げ,マゲ,マゲ,呪文
極め,,,10,名詞,引用文字列,*,*,*,*,極め,キメ,キメ,呪文
駆けよ,,,10,名詞,引用文字列,*,*,*,*,駆けよ,カケヨ,カケヨ,呪文
駆ける,,,10,名詞,引用文字列,*,*,*,*,駆ける,カケル,カケル,呪文
駆け回り,,,10,名詞,引用文字列,*,*,*,*,駆け回り,カケマワリ,カケマワリ,呪文
駆け抜ける,,,10,名詞,引用文字列,*,*,*,*,駆け抜ける,カケヌケル,カケヌケル,呪文
駆り立てる,,,10,名詞,引用文字列,*,*,*,*,駆り立てる,カリタテル,カリタテル,呪文
喰い,,,10,名詞,引用文字列,*,*,*,*,喰い,クイ,クイ,呪文
喰らい,,,10,名詞,引用文字列,*,*,*,*,喰らい,クライ,クライ,呪文
繰り,,,10,名詞,引用文字列,*,*,*,*,繰り,クリ,クリ,呪文
傾け,,,10,名詞,引用文字列,*,*,*,*,傾け,カタムケ,カタムケ,呪文
恵み,,,10,名詞,引用文字列,*,*,*,*,恵み,メグミ,メグミ,呪文
掲げ,,,10,名詞,引用文字列,*,*,*,*,掲げ,カカゲ,カカゲ,呪文
迎え,,,10,名詞,引用文字列,*,*,*,*,迎え,ムカエ,ムカエ,呪文
結ば,,,10,名詞,引用文字列,*,*,*,*,結ば,ムスバ,ムスバ,呪文
結び,,,10,名詞,引用文字列,*,*,*,*,結び,ムスビ,ムスビ,呪文
結ぶ,,,10,名詞,引用文字列,*,*,*,*,結ぶ,ムスブ,ムスブ,呪文
血塗ら,,,10,名詞,引用文字列,*,*,*,*,血塗ら,チヌラ,チヌラ,呪文
研ぎ澄ませ,,,10,名詞,引用文字列,*,*,*,*,研ぎ澄ませ,トギスマセ,トギスマセ,呪文
見え,,,10,名詞,引用文字列,*,*,*,*,見え,ミエ,ミエ,呪文
見よ,,,10,名詞,引用文字列,*,*,*,*,見よ,ミヨ,ミヨ,呪文
見失い,,,10,名詞,引用文字列,*,*,*,*,見失い,ミウシナイ,ミウシナイ,呪文
見失っ,,,10,名詞,引用文字列,*,*,*,*,見失っ,ミウシナッ,ミウシナッ,呪文
現し,,,10,名詞,引用文字列,*,*,*,*,現し,アラワシ,アラワシ,呪文
現せ,,,10,名詞,引用文字列,*,*,*,*,現せ,アラワセ,アラワセ,呪文
現れよ,,,10,名詞,引用文字列,*,*,*,*,現れよ,アラワレヨ,アラワレヨ,呪文
呼び覚まさ,,,10,名詞,引用文字列,*,*,*,*,呼び覚まさ,ヨビサマサ,ヨビサマサ,呪文
呼び寄せ,,,10,名詞,引用文字列,*,*,*,*,呼び寄せ,ヨビヨセ,ヨビヨセ,呪文
呼び戻し,,,10,名詞,引用文字列,*,*,*,*,呼び戻し,ヨビモドシ,ヨビモドシ,呪文
呼び戻す,,,10,名詞,引用文字列,*,*,*,*,呼び戻す,ヨビモドス,ヨビモドス,呪文
呼び戻せ,,,10,名詞,引用文字列,*,*,*,*,呼び戻せ,ヨビモドセ,ヨビモドセ,呪文
呼ぶ,,,10,名詞,引用文字列,*,*,*,*,呼ぶ,ヨブ,ヨブ,呪文
呼べ,,,10,名詞,引用文字列,*,*,*,*,呼べ,ヨベ,ヨベ,呪文
悟れ,,,10,名詞,引用文字列,*,*,*,*,悟れ,サトレ,サトレ,呪文
語れ,,,10,名詞,引用文字列,*,*,*,*,語れ,カタレ,カタレ,呪文
交わる,,,10,名詞,引用文字列,*,*,*,*,交わる,マジワル,マジワル,呪文
光らせ,,,10,名詞,引用文字列,*,*,*,*,光らせ,ヒカラセ,ヒカラセ,呪文
光り,,,10,名詞,引用文字列,*,*,*,*,光り,ヒカリ,ヒカリ,呪文
抗う,,,10,名詞,引用文字列,*,*,*,*,抗う,アラガウ,アラガウ,呪文
抗え,,,10,名詞,引用文字列,*,*,*,*,抗え,アラガエ,アラガエ,呪文
荒ぶ,,,10,名詞,引用文字列,*,*,*,*,荒ぶ,スサブ,スサブ,呪文
荒れ狂う,,,10,名詞,引用文字列,*,*,*,*,荒れ狂う,アレクルウ,アレクルウ,呪文
行け,,,10,名詞,引用文字列,*,*,*,*,行け,イケ,イケ,呪文
降らし,,,10,名詞,引用文字列,*,*,*,*,降らし,フラシ,フラシ,呪文
降らす,,,10,名詞,引用文字列,*,*,*,*,降らす,フラス,フラス,呪文
降らせ,,,10,名詞,引用文字列,*,*,*,*,降らせ,フラセ,フラセ,呪文
降り注ぎ,,,10,名詞,引用文字列,*,*,*,*,降り注ぎ,フリソソギ,フリソソギ,呪文
降り注げ,,,10,名詞,引用文字列,*,*,*,*,降り注げ,フリソソゲ,フリソソゲ,呪文
降れ,,,10,名詞,引用文字列,*,*,*,*,降れ,フレ,フレ,呪文
降ろさ,,,10,名詞,引用文字列,*,*,*,*,降ろさ,オロサ,オロサ,呪文
轟け,,,10,名詞,引用文字列,*,*,*,*,轟け,トドロケ,トドロケ,呪文
刻ま,,,10,名詞,引用文字列,*,*,*,*,刻ま,キザマ,キザマ,呪文
刻み込め,,,10,名詞,引用文字列,*,*,*,*,刻み込め,キザミコメ,キザミコメ,呪文
刻む,,,10,名詞,引用文字列,*,*,*,*,刻む,キザム,キザム,呪文
刻ん,,,10,名詞,引用文字列,*,*,*,*,刻ん,キザン,キザン,呪文
恨み,,,10,名詞,引用文字列,*,*,*,*,恨み,ウラミ,ウラミ,呪文
差す,,,10,名詞,引用文字列,*,*,*,*,差す,サス,サス,呪文
座する,,,10,名詞,引用文字列,*,*,*,*,座する,ザスル,ザスル,呪文
塞ぎ,,,10,名詞,引用文字列,*,*,*,*,塞ぎ,フサギ,フサギ,呪文
砕けよ,,,10,名詞,引用文字列,*,*,*,*,砕けよ,クダケヨ,クダケヨ,呪文
砕ける,,,10,名詞,引用文字列,*,*,*,*,砕ける,クダケル,クダケル,呪文
裁か,,,10,名詞,引用文字列,*,*,*,*,裁か,サバカ,サバカ,呪文
裁く,,,10,名詞,引用文字列,*,*,*,*,裁く,サバク,サバク,呪文
裁け,,,10,名詞,引用文字列,*,*,*,*,裁け,サバケ,サバケ,呪文
在ら,,,10,名詞,引用文字列,*,*,*,*,在ら,アラ,アラ,呪文
在る,,,10,名詞,引用文字列,*,*,*,*,在る,アル,アル,呪文
作り,,,10,名詞,引用文字列,*,*,*,*,作り,ツクリ,ツクリ,呪文
作れ,,,10,名詞,引用文字列,*,*,*,*,作れ,ツクレ,ツクレ,呪文
散らす,,,10,名詞,引用文字列,*,*,*,*,散らす,チラス,チラス,呪文
散る,,,10,名詞,引用文字列,*,*,*,*,散る,チル,チル,呪文
散れ,,,10,名詞,引用文字列,*,*,*,*,散れ,チレ,チレ,呪文
讃え,,,10,名詞,引用文字列,*,*,*,*,讃え,タタエ,タタエ,呪文
斬る,,,10,名詞,引用文字列,*,*,*,*,斬る,キル,キル,呪文
残す,,,10,名詞,引用文字列,*,*,*,*,残す,ノコス,ノコス,呪文
仕える,,,10,名詞,引用文字列,*,*,*,*,仕える,ツカエル,ツカエル,呪文
司る,,,10,名詞,引用文字列,*,*,*,*,司る,ツカサドル,ツカサドル,呪文
思い出せ,,,10,名詞,引用文字列,*,*,*,*,思い出せ,オモイダセ,オモイダセ,呪文
思い知れ,,,10,名詞,引用文字列,*,*,*,*,思い知れ,オモイシレ,オモイシレ,呪文
支え,,,10,名詞,引用文字列,*,*,*,*,支え,ササエ,ササエ,呪文
死に,,,10,名詞,引用文字列,*,*,*,*,死に,シニ,シニ,呪文
死ぬ,,,10,名詞,引用文字列,*,*,*,*,死ぬ,シヌ,シヌ,呪文
至ら,,,10,名詞,引用文字列,*,*,*,*,至ら,イタラ,イタラ,呪文
賜え,,,10,名詞,引用文字列,*,*,*,*,賜え,タマエ,タマエ,呪文
賜ら,,,10,名詞,引用文字列,*,*,*,*,賜ら,タマワラ,タマワラ,呪文
持ち,,,10,名詞,引用文字列,*,*,*,*,持ち,モチ,モチ,呪文
持っ,,,10,名詞,引用文字列,*,*,*,*,持っ,モッ,モッ,呪文
持つ,,,10,名詞,引用文字列,*,*,*,*,持つ,モツ,モツ,呪文
持て,,,10,名詞,引用文字列,*,*,*,*,持て,モテ,モテ,呪文
治める,,,10,名詞,引用文字列,*,*,*,*,治める,オサメル,オサメル,呪文
示さ,,,10,名詞,引用文字列,*,*,*,*,示さ,シメサ,シメサ,呪文
示せ,,,10,名詞,引用文字列,*,*,*,*,示せ,シメセ,シメセ,呪文
失え,,,10,名詞,引用文字列,*,*,*,*,失え,ウシナエ,ウシナエ,呪文
失わ,,,10,名詞,引用文字列,*,*,*,*,失わ,ウシナワ,ウシナワ,呪文
赦し,,,10,名詞,引用文字列,*,*,*,*,赦し,ユルシ,ユルシ,呪文
遮る,,,10,名詞,引用文字列,*,*,*,*,遮る,サエギル,サエギル,呪文
借り,,,10,名詞,引用文字列,*,*,*,*,借り,カリ,カリ,呪文
取り巻く,,,10,名詞,引用文字列,*,*,*,*,取り巻く,トリマク,トリマク,呪文
取り除き,,,10,名詞,引用文字列,*,*,*,*,取り除き,トリノゾキ,トリノゾキ,呪文
取り戻さ,,,10,名詞,引用文字列,*,*,*,*,取り戻さ,トリモドサ,トリモドサ,呪文
守ら,,,10,名詞,引用文字列,*,*,*,*,守ら,マモラ,マモラ,呪文
守り,,,10,名詞,引用文字列,*,*,*,*,守り,モリ,モリ,呪文
守る,,,10,名詞,引用文字列,*,*,*,*,守る,マモル,マモル,呪文
守れ,,,10,名詞,引用文字列,*,*,*,*,守れ,マモレ,マモレ,呪文
受けよ,,,10,名詞,引用文字列,*,*,*,*,受けよ,ウケヨ,ウケヨ,呪文
受ける,,,10,名詞,引用文字列,*,*,*,*,受ける,ウケル,ウケル,呪文
呪う,,,10,名詞,引用文字列,*,*,*,*,呪う,ノロウ,ノロウ,呪文
呪わ,,,10,名詞,引用文字列,*,*,*,*,呪わ,ノロワ,ノロワ,呪文
授から,,,10,名詞,引用文字列,*,*,*,*,授から,サズカラ,サズカラ,呪文
授かり,,,10,名詞,引用文字列,*,*,*,*,授かり,サズカリ,サズカリ,呪文
囚われ,,,10,名詞,引用文字列,*,*,*,*,囚われ,トラワレ,トラワレ,呪文
終わり,,,10,名詞,引用文字列,*,*,*,*,終わり,オワリ,オワリ,呪文
集い,,,10,名詞,引用文字列,*,*,*,*,集い,ツドイ,ツドイ,呪文
集え,,,10,名詞,引用文字列,*,*,*,*,集え,ツドエ,ツドエ,呪文
住まい,,,10,名詞,引用文字列,*,*,*,*,住まい,スマイ,スマイ,呪文
住まう,,,10,名詞,引用文字列,*,*,*,*,住まう,スマウ,スマウ,呪文
住み,,,10,名詞,引用文字列,*,*,*,*,住み,スミ,スミ,呪文
住む,,,10,名詞,引用文字列,*,*,*,*,住む,スム,スム,呪文
従い,,,10,名詞,引用文字列,*,*,*,*,従い,シタガイ,シタガイ,呪文
従え,,,10,名詞,引用文字列,*,*,*,*,従え,シタガエ,シタガエ,呪文
宿し,,,10,名詞,引用文字列,*,*,*,*,宿し,ヤドシ,ヤドシ,呪文
宿す,,,10,名詞,引用文字列,*,*,*,*,宿す,ヤドス,ヤドス,呪文
宿せ,,,10,名詞,引用文字列,*,*,*,*,宿せ,ヤドセ,ヤドセ,呪文
宿り,,,10,名詞,引用文字列,*,*,*,*,宿り,ヤドリ,ヤドリ,呪文
宿る,,,10,名詞,引用文字列,*,*,*,*,宿る,ヤドル,ヤドル,呪文
宿れ,,,10,名詞,引用文字列,*,*,*,*,宿れ,ヤドレ,ヤドレ,呪文
出し,,,10,名詞,引用文字列,*,*,*,*,出し,ダシ,ダシ,呪文
助け,,,10,名詞,引用文字列,*,*,*,*,助け,タスケ,タスケ,呪文
傷つき,,,10,名詞,引用文字列,*,*,*,*,傷つき,キズツキ,キズツキ,呪文
傷つける,,,10,名詞,引用文字列,*,*,*,*,傷つける,キズツケル,キズツケル,呪文
唱える,,,10,名詞,引用文字列,*,*,*,*,唱える,トナエル,トナエル,呪文
招か,,,10,名詞,引用文字列,*,*,*,*,招か,マネカ,マネカ,呪文
招き,,,10,名詞,引用文字列,*,*,*,*,招き,マネキ,マネキ,呪文
昇ら,,,10,名詞,引用文字列,*,*,*,*,昇ら,ノボラ,ノボラ,呪文
消えよ,,,10,名詞,引用文字列,*,*,*,*,消えよ,キエヨ,キエヨ,呪文
消える,,,10,名詞,引用文字列,*,*,*,*,消える,キエル,キエル,呪文
消え去ら,,,10,名詞,引用文字列,*,*,*,*,消え去ら,キエサラ,キエサラ,呪文
消え去れ,,,10,名詞,引用文字列,*,*,*,*,消え去れ,キエサレ,キエサレ,呪文
焼か,,,10,名詞,引用文字列,*,*,*,*,焼か,ヤキカ,ヤキカ,呪文
焼き,,,10,名詞,引用文字列,*,*,*,*,焼き,ヤキ,ヤキ,呪文
照らし,,,10,名詞,引用文字列,*,*,*,*,照らし,テラシ,テラシ,呪文
照らす,,,10,名詞,引用文字列,*,*,*,*,照らす,テラス,テラス,呪文
上げよ,,,10,名詞,引用文字列,*,*,*,*,上げよ,アゲヨ,アゲヨ,呪文
乗り,,,10,名詞,引用文字列,*,*,*,*,乗り,ノリ,ノリ,呪文
触れる,,,10,名詞,引用文字列,*,*,*,*,触れる,フレル,フレル,呪文
食らい,,,10,名詞,引用文字列,*,*,*,*,食らい,クライ,クライ,呪文
蝕め,,,10,名詞,引用文字列,*,*,*,*,蝕め,ムシバメ,ムシバメ,呪文
